Rainfall - (MM), Year, Statistics, Country, ISO3
38.685, 1901, Jan Average, Netherlands, NLD
31.1014, 1901, Feb Average, Netherlands, NLD
58.381, 1901, Mar Average, Netherlands, NLD
67.4936, 1901, Apr Average, Netherlands, NLD
28.1055, 1901, May Average, Netherlands, NLD
62.8613, 1901, Jun Average, Netherlands, NLD
60.758, 1901, Jul Average, Netherlands, NLD
64.9466, 1901, Aug Average, Netherlands, NLD
70.676, 1901, Sep Average, Netherlands, NLD
78.1914, 1901, Oct Average, Netherlands, NLD
61.8196, 1901, Nov Average, Netherlands, NLD
81.2118, 1901, Dec Average, Netherlands, NLD
50.7752, 1902, Jan Average, Netherlands, NLD
28.718, 1902, Feb Average, Netherlands, NLD
44.8613, 1902, Mar Average, Netherlands, NLD
44.8495, 1902, Apr Average, Netherlands, NLD
78.1992, 1902, May Average, Netherlands, NLD
43.1284, 1902, Jun Average, Netherlands, NLD
62.7319, 1902, Jul Average, Netherlands, NLD
105.51, 1902, Aug Average, Netherlands, NLD
46.2558, 1902, Sep Average, Netherlands, NLD
50.3933, 1902, Oct Average, Netherlands, NLD
26.2997, 1902, Nov Average, Netherlands, NLD
65.4803, 1902, Dec Average, Netherlands, NLD
46.5483, 1903, Jan Average, Netherlands, NLD
33.8479, 1903, Feb Average, Netherlands, NLD
55.7384, 1903, Mar Average, Netherlands, NLD
104.631, 1903, Apr Average, Netherlands, NLD
51.5124, 1903, May Average, Netherlands, NLD
71.6893, 1903, Jun Average, Netherlands, NLD
100.858, 1903, Jul Average, Netherlands, NLD
85.9635, 1903, Aug Average, Netherlands, NLD
88.6587, 1903, Sep Average, Netherlands, NLD
108.749, 1903, Oct Average, Netherlands, NLD
74.0495, 1903, Nov Average, Netherlands, NLD
25.9061, 1903, Dec Average, Netherlands, NLD
52.2054, 1904, Jan Average, Netherlands, NLD
65.3689, 1904, Feb Average, Netherlands, NLD
44.2378, 1904, Mar Average, Netherlands, NLD
26.8886, 1904, Apr Average, Netherlands, NLD
54.3445, 1904, May Average, Netherlands, NLD
58.7914, 1904, Jun Average, Netherlands, NLD
39.0995, 1904, Jul Average, Netherlands, NLD
47.1384, 1904, Aug Average, Netherlands, NLD
39.0611, 1904, Sep Average, Netherlands, NLD
45.6572, 1904, Oct Average, Netherlands, NLD
66.009, 1904, Nov Average, Netherlands, NLD
68.0693, 1904, Dec Average, Netherlands, NLD
39.2121, 1905, Jan Average, Netherlands, NLD
34.3351, 1905, Feb Average, Netherlands, NLD
75.5287, 1905, Mar Average, Netherlands, NLD
52.3458, 1905, Apr Average, Netherlands, NLD
36.8028, 1905, May Average, Netherlands, NLD
72.6568, 1905, Jun Average, Netherlands, NLD
59.1173, 1905, Jul Average, Netherlands, NLD
98.7193, 1905, Aug Average, Netherlands, NLD
61.8897, 1905, Sep Average, Netherlands, NLD
125.365, 1905, Oct Average, Netherlands, NLD
56.4655, 1905, Nov Average, Netherlands, NLD
31.2412, 1905, Dec Average, Netherlands, NLD
105.364, 1906, Jan Average, Netherlands, NLD
57.9394, 1906, Feb Average, Netherlands, NLD
59.13, 1906, Mar Average, Netherlands, NLD
26.998, 1906, Apr Average, Netherlands, NLD
84.9202, 1906, May Average, Netherlands, NLD
43.8877, 1906, Jun Average, Netherlands, NLD
64.2077, 1906, Jul Average, Netherlands, NLD
65.7983, 1906, Aug Average, Netherlands, NLD
34.5108, 1906, Sep Average, Netherlands, NLD
63.0007, 1906, Oct Average, Netherlands, NLD
72.5731, 1906, Nov Average, Netherlands, NLD
73.8908, 1906, Dec Average, Netherlands, NLD
46.4012, 1907, Jan Average, Netherlands, NLD
37.7719, 1907, Feb Average, Netherlands, NLD
45.8612, 1907, Mar Average, Netherlands, NLD
39.7041, 1907, Apr Average, Netherlands, NLD
63.4298, 1907, May Average, Netherlands, NLD
83.7305, 1907, Jun Average, Netherlands, NLD
44.8055, 1907, Jul Average, Netherlands, NLD
49.1884, 1907, Aug Average, Netherlands, NLD
26.3799, 1907, Sep Average, Netherlands, NLD
68.4786, 1907, Oct Average, Netherlands, NLD
40.4245, 1907, Nov Average, Netherlands, NLD
69.049, 1907, Dec Average, Netherlands, NLD
47.6516, 1908, Jan Average, Netherlands, NLD
61.4759, 1908, Feb Average, Netherlands, NLD
47.454, 1908, Mar Average, Netherlands, NLD
43.1907, 1908, Apr Average, Netherlands, NLD
60.0056, 1908, May Average, Netherlands, NLD
55.358, 1908, Jun Average, Netherlands, NLD
78.8931, 1908, Jul Average, Netherlands, NLD
88.0299, 1908, Aug Average, Netherlands, NLD
52.8919, 1908, Sep Average, Netherlands, NLD
9.1612, 1908, Oct Average, Netherlands, NLD
55.7487, 1908, Nov Average, Netherlands, NLD
33.9701, 1908, Dec Average, Netherlands, NLD
33.4224, 1909, Jan Average, Netherlands, NLD
35.5097, 1909, Feb Average, Netherlands, NLD
59.413, 1909, Mar Average, Netherlands, NLD
62.1817, 1909, Apr Average, Netherlands, NLD
32.8288, 1909, May Average, Netherlands, NLD
58.5855, 1909, Jun Average, Netherlands, NLD
105.585, 1909, Jul Average, Netherlands, NLD
85.7993, 1909, Aug Average, Netherlands, NLD
65.8935, 1909, Sep Average, Netherlands, NLD
75.7976, 1909, Oct Average, Netherlands, NLD
51.3454, 1909, Nov Average, Netherlands, NLD
104.926, 1909, Dec Average, Netherlands, NLD
70.6114, 1910, Jan Average, Netherlands, NLD
74.5569, 1910, Feb Average, Netherlands, NLD
30.3773, 1910, Mar Average, Netherlands, NLD
46.7082, 1910, Apr Average, Netherlands, NLD
56.2288, 1910, May Average, Netherlands, NLD
71.6863, 1910, Jun Average, Netherlands, NLD
119.518, 1910, Jul Average, Netherlands, NLD
47.6417, 1910, Aug Average, Netherlands, NLD
73.3031, 1910, Sep Average, Netherlands, NLD
28.8621, 1910, Oct Average, Netherlands, NLD
105.767, 1910, Nov Average, Netherlands, NLD
70.0271, 1910, Dec Average, Netherlands, NLD
32.3278, 1911, Jan Average, Netherlands, NLD
47.5525, 1911, Feb Average, Netherlands, NLD
59.6271, 1911, Mar Average, Netherlands, NLD
28.099, 1911, Apr Average, Netherlands, NLD
31.1365, 1911, May Average, Netherlands, NLD
75.16, 1911, Jun Average, Netherlands, NLD
19.0191, 1911, Jul Average, Netherlands, NLD
15.4446, 1911, Aug Average, Netherlands, NLD
56.1406, 1911, Sep Average, Netherlands, NLD
92.5037, 1911, Oct Average, Netherlands, NLD
72.1621, 1911, Nov Average, Netherlands, NLD
73.9936, 1911, Dec Average, Netherlands, NLD
56.2305, 1912, Jan Average, Netherlands, NLD
45.4022, 1912, Feb Average, Netherlands, NLD
73.8881, 1912, Mar Average, Netherlands, NLD
25.5739, 1912, Apr Average, Netherlands, NLD
44.2193, 1912, May Average, Netherlands, NLD
88.7746, 1912, Jun Average, Netherlands, NLD
49.6516, 1912, Jul Average, Netherlands, NLD
147.605, 1912, Aug Average, Netherlands, NLD
93.787, 1912, Sep Average, Netherlands, NLD
68.2338, 1912, Oct Average, Netherlands, NLD
84.6847, 1912, Nov Average, Netherlands, NLD
72.0264, 1912, Dec Average, Netherlands, NLD
65.219, 1913, Jan Average, Netherlands, NLD
25.8759, 1913, Feb Average, Netherlands, NLD
65.9095, 1913, Mar Average, Netherlands, NLD
35.8948, 1913, Apr Average, Netherlands, NLD
68.5124, 1913, May Average, Netherlands, NLD
86.713, 1913, Jun Average, Netherlands, NLD
88.5462, 1913, Jul Average, Netherlands, NLD
30.9998, 1913, Aug Average, Netherlands, NLD
45.0052, 1913, Sep Average, Netherlands, NLD
52.6891, 1913, Oct Average, Netherlands, NLD
70.1778, 1913, Nov Average, Netherlands, NLD
73.5445, 1913, Dec Average, Netherlands, NLD
56.7175, 1914, Jan Average, Netherlands, NLD
32.9949, 1914, Feb Average, Netherlands, NLD
124.24, 1914, Mar Average, Netherlands, NLD
37.8615, 1914, Apr Average, Netherlands, NLD
47.5575, 1914, May Average, Netherlands, NLD
78.4695, 1914, Jun Average, Netherlands, NLD
88.3929, 1914, Jul Average, Netherlands, NLD
41.9769, 1914, Aug Average, Netherlands, NLD
90.2259, 1914, Sep Average, Netherlands, NLD
42.859, 1914, Oct Average, Netherlands, NLD
62.1542, 1914, Nov Average, Netherlands, NLD
96.0687, 1914, Dec Average, Netherlands, NLD
110.873, 1915, Jan Average, Netherlands, NLD
59.0979, 1915, Feb Average, Netherlands, NLD
63.1034, 1915, Mar Average, Netherlands, NLD
39.8586, 1915, Apr Average, Netherlands, NLD
57.3116, 1915, May Average, Netherlands, NLD
49.3499, 1915, Jun Average, Netherlands, NLD
97.6754, 1915, Jul Average, Netherlands, NLD
92.6807, 1915, Aug Average, Netherlands, NLD
53.5382, 1915, Sep Average, Netherlands, NLD
27.8832, 1915, Oct Average, Netherlands, NLD
88.9509, 1915, Nov Average, Netherlands, NLD
130.052, 1915, Dec Average, Netherlands, NLD
67.9445, 1916, Jan Average, Netherlands, NLD
68.7736, 1916, Feb Average, Netherlands, NLD
60.1999, 1916, Mar Average, Netherlands, NLD
63.1184, 1916, Apr Average, Netherlands, NLD
57.9986, 1916, May Average, Netherlands, NLD
99.7554, 1916, Jun Average, Netherlands, NLD
42.7125, 1916, Jul Average, Netherlands, NLD
87.2282, 1916, Aug Average, Netherlands, NLD
54.4551, 1916, Sep Average, Netherlands, NLD
78.6517, 1916, Oct Average, Netherlands, NLD
50.0149, 1916, Nov Average, Netherlands, NLD
89.0395, 1916, Dec Average, Netherlands, NLD
44.8842, 1917, Jan Average, Netherlands, NLD
11.0265, 1917, Feb Average, Netherlands, NLD
47.0011, 1917, Mar Average, Netherlands, NLD
48.2858, 1917, Apr Average, Netherlands, NLD
30.2273, 1917, May Average, Netherlands, NLD
76.587, 1917, Jun Average, Netherlands, NLD
88.7792, 1917, Jul Average, Netherlands, NLD
126.053, 1917, Aug Average, Netherlands, NLD
33.6105, 1917, Sep Average, Netherlands, NLD
132.923, 1917, Oct Average, Netherlands, NLD
54.5472, 1917, Nov Average, Netherlands, NLD
48.0537, 1917, Dec Average, Netherlands, NLD
81.7279, 1918, Jan Average, Netherlands, NLD
43.3161, 1918, Feb Average, Netherlands, NLD
27.1986, 1918, Mar Average, Netherlands, NLD
45.1456, 1918, Apr Average, Netherlands, NLD
27.569, 1918, May Average, Netherlands, NLD
44.8365, 1918, Jun Average, Netherlands, NLD
91.0707, 1918, Jul Average, Netherlands, NLD
79.7296, 1918, Aug Average, Netherlands, NLD
138.769, 1918, Sep Average, Netherlands, NLD
68.8625, 1918, Oct Average, Netherlands, NLD
39.7901, 1918, Nov Average, Netherlands, NLD
101.056, 1918, Dec Average, Netherlands, NLD
48.7349, 1919, Jan Average, Netherlands, NLD
46.8337, 1919, Feb Average, Netherlands, NLD
65.8438, 1919, Mar Average, Netherlands, NLD
62.351, 1919, Apr Average, Netherlands, NLD
24.1385, 1919, May Average, Netherlands, NLD
51.6401, 1919, Jun Average, Netherlands, NLD
107.097, 1919, Jul Average, Netherlands, NLD
43.7259, 1919, Aug Average, Netherlands, NLD
56.4435, 1919, Sep Average, Netherlands, NLD
63.2988, 1919, Oct Average, Netherlands, NLD
72.5331, 1919, Nov Average, Netherlands, NLD
122.68, 1919, Dec Average, Netherlands, NLD
94.7985, 1920, Jan Average, Netherlands, NLD
33.4144, 1920, Feb Average, Netherlands, NLD
20.1231, 1920, Mar Average, Netherlands, NLD
77.2243, 1920, Apr Average, Netherlands, NLD
63.0989, 1920, May Average, Netherlands, NLD
39.0161, 1920, Jun Average, Netherlands, NLD
102.253, 1920, Jul Average, Netherlands, NLD
84.5329, 1920, Aug Average, Netherlands, NLD
46.5252, 1920, Sep Average, Netherlands, NLD
16.0466, 1920, Oct Average, Netherlands, NLD
16.1981, 1920, Nov Average, Netherlands, NLD
54.1322, 1920, Dec Average, Netherlands, NLD
87.3998, 1921, Jan Average, Netherlands, NLD
11.8153, 1921, Feb Average, Netherlands, NLD
28.4455, 1921, Mar Average, Netherlands, NLD
27.7684, 1921, Apr Average, Netherlands, NLD
21.001, 1921, May Average, Netherlands, NLD
39.2016, 1921, Jun Average, Netherlands, NLD
10.5406, 1921, Jul Average, Netherlands, NLD
40.1281, 1921, Aug Average, Netherlands, NLD
31.6751, 1921, Sep Average, Netherlands, NLD
27.9435, 1921, Oct Average, Netherlands, NLD
48.6494, 1921, Nov Average, Netherlands, NLD
59.4575, 1921, Dec Average, Netherlands, NLD
73.9311, 1922, Jan Average, Netherlands, NLD
57.8651, 1922, Feb Average, Netherlands, NLD
49.7374, 1922, Mar Average, Netherlands, NLD
67.8903, 1922, Apr Average, Netherlands, NLD
19.2482, 1922, May Average, Netherlands, NLD
62.4921, 1922, Jun Average, Netherlands, NLD
83.5967, 1922, Jul Average, Netherlands, NLD
73.6785, 1922, Aug Average, Netherlands, NLD
86.7726, 1922, Sep Average, Netherlands, NLD
33.6148, 1922, Oct Average, Netherlands, NLD
68.575, 1922, Nov Average, Netherlands, NLD
62.8765, 1922, Dec Average, Netherlands, NLD
57.2507, 1923, Jan Average, Netherlands, NLD
60.2473, 1923, Feb Average, Netherlands, NLD
31.5387, 1923, Mar Average, Netherlands, NLD
32.1464, 1923, Apr Average, Netherlands, NLD
102.318, 1923, May Average, Netherlands, NLD
53.1923, 1923, Jun Average, Netherlands, NLD
58.6483, 1923, Jul Average, Netherlands, NLD
71.6381, 1923, Aug Average, Netherlands, NLD
75.2252, 1923, Sep Average, Netherlands, NLD
127.248, 1923, Oct Average, Netherlands, NLD
67.1792, 1923, Nov Average, Netherlands, NLD
74.2172, 1923, Dec Average, Netherlands, NLD
38.8758, 1924, Jan Average, Netherlands, NLD
33.7767, 1924, Feb Average, Netherlands, NLD
35.7901, 1924, Mar Average, Netherlands, NLD
59.4881, 1924, Apr Average, Netherlands, NLD
62.4381, 1924, May Average, Netherlands, NLD
36.9179, 1924, Jun Average, Netherlands, NLD
90.6867, 1924, Jul Average, Netherlands, NLD
144.802, 1924, Aug Average, Netherlands, NLD
80.8048, 1924, Sep Average, Netherlands, NLD
82.1924, 1924, Oct Average, Netherlands, NLD
28.1724, 1924, Nov Average, Netherlands, NLD
46.3, 1924, Dec Average, Netherlands, NLD
76.2966, 1925, Jan Average, Netherlands, NLD
60.1188, 1925, Feb Average, Netherlands, NLD
54.2575, 1925, Mar Average, Netherlands, NLD
49.2736, 1925, Apr Average, Netherlands, NLD
74.1002, 1925, May Average, Netherlands, NLD
46.1417, 1925, Jun Average, Netherlands, NLD
69.5725, 1925, Jul Average, Netherlands, NLD
78.9217, 1925, Aug Average, Netherlands, NLD
116.916, 1925, Sep Average, Netherlands, NLD
76.2365, 1925, Oct Average, Netherlands, NLD
83.3069, 1925, Nov Average, Netherlands, NLD
129.536, 1925, Dec Average, Netherlands, NLD
65.617, 1926, Jan Average, Netherlands, NLD
55.8011, 1926, Feb Average, Netherlands, NLD
33.5439, 1926, Mar Average, Netherlands, NLD
33.2042, 1926, Apr Average, Netherlands, NLD
78.4901, 1926, May Average, Netherlands, NLD
57.1245, 1926, Jun Average, Netherlands, NLD
95.1086, 1926, Jul Average, Netherlands, NLD
64.041, 1926, Aug Average, Netherlands, NLD
60.2758, 1926, Sep Average, Netherlands, NLD
121.701, 1926, Oct Average, Netherlands, NLD
57.4042, 1926, Nov Average, Netherlands, NLD
50.3034, 1926, Dec Average, Netherlands, NLD
53.2419, 1927, Jan Average, Netherlands, NLD
47.2649, 1927, Feb Average, Netherlands, NLD
54.5477, 1927, Mar Average, Netherlands, NLD
70.8757, 1927, Apr Average, Netherlands, NLD
33.8694, 1927, May Average, Netherlands, NLD
122.83, 1927, Jun Average, Netherlands, NLD
65.1912, 1927, Jul Average, Netherlands, NLD
107.278, 1927, Aug Average, Netherlands, NLD
90.4689, 1927, Sep Average, Netherlands, NLD
38.466, 1927, Oct Average, Netherlands, NLD
60.9878, 1927, Nov Average, Netherlands, NLD
56.5414, 1927, Dec Average, Netherlands, NLD
85.3804, 1928, Jan Average, Netherlands, NLD
54.635, 1928, Feb Average, Netherlands, NLD
23.7492, 1928, Mar Average, Netherlands, NLD
53.8294, 1928, Apr Average, Netherlands, NLD
58.5578, 1928, May Average, Netherlands, NLD
62.2836, 1928, Jun Average, Netherlands, NLD
48.6497, 1928, Jul Average, Netherlands, NLD
86.7988, 1928, Aug Average, Netherlands, NLD
32.2831, 1928, Sep Average, Netherlands, NLD
84.5539, 1928, Oct Average, Netherlands, NLD
118.655, 1928, Nov Average, Netherlands, NLD
58.4889, 1928, Dec Average, Netherlands, NLD
24.6653, 1929, Jan Average, Netherlands, NLD
10.7189, 1929, Feb Average, Netherlands, NLD
10.1063, 1929, Mar Average, Netherlands, NLD
51.9344, 1929, Apr Average, Netherlands, NLD
21.8586, 1929, May Average, Netherlands, NLD
53.6215, 1929, Jun Average, Netherlands, NLD
52.9797, 1929, Jul Average, Netherlands, NLD
47.0192, 1929, Aug Average, Netherlands, NLD
40.4751, 1929, Sep Average, Netherlands, NLD
118.3, 1929, Oct Average, Netherlands, NLD
70.8511, 1929, Nov Average, Netherlands, NLD
97.8832, 1929, Dec Average, Netherlands, NLD
37.7214, 1930, Jan Average, Netherlands, NLD
16.5854, 1930, Feb Average, Netherlands, NLD
33.5485, 1930, Mar Average, Netherlands, NLD
37.4567, 1930, Apr Average, Netherlands, NLD
70.2255, 1930, May Average, Netherlands, NLD
43.9706, 1930, Jun Average, Netherlands, NLD
165.62, 1930, Jul Average, Netherlands, NLD
101.055, 1930, Aug Average, Netherlands, NLD
113.36, 1930, Sep Average, Netherlands, NLD
91.64, 1930, Oct Average, Netherlands, NLD
123.251, 1930, Nov Average, Netherlands, NLD
45.4892, 1930, Dec Average, Netherlands, NLD
94.3691, 1931, Jan Average, Netherlands, NLD
74.2702, 1931, Feb Average, Netherlands, NLD
17.0983, 1931, Mar Average, Netherlands, NLD
71.8652, 1931, Apr Average, Netherlands, NLD
67.1131, 1931, May Average, Netherlands, NLD
54.2759, 1931, Jun Average, Netherlands, NLD
121.794, 1931, Jul Average, Netherlands, NLD
105.104, 1931, Aug Average, Netherlands, NLD
57.3237, 1931, Sep Average, Netherlands, NLD
44.5825, 1931, Oct Average, Netherlands, NLD
30.556, 1931, Nov Average, Netherlands, NLD
44.3621, 1931, Dec Average, Netherlands, NLD
48.8824, 1932, Jan Average, Netherlands, NLD
11.0872, 1932, Feb Average, Netherlands, NLD
34.2062, 1932, Mar Average, Netherlands, NLD
78.7441, 1932, Apr Average, Netherlands, NLD
69.5959, 1932, May Average, Netherlands, NLD
29.7079, 1932, Jun Average, Netherlands, NLD
95.1516, 1932, Jul Average, Netherlands, NLD
44.3638, 1932, Aug Average, Netherlands, NLD
104.467, 1932, Sep Average, Netherlands, NLD
173.796, 1932, Oct Average, Netherlands, NLD
37.7012, 1932, Nov Average, Netherlands, NLD
17.4583, 1932, Dec Average, Netherlands, NLD
23.2613, 1933, Jan Average, Netherlands, NLD
40.0389, 1933, Feb Average, Netherlands, NLD
42.5776, 1933, Mar Average, Netherlands, NLD
16.1566, 1933, Apr Average, Netherlands, NLD
69.2803, 1933, May Average, Netherlands, NLD
76.835, 1933, Jun Average, Netherlands, NLD
61.775, 1933, Jul Average, Netherlands, NLD
50.8589, 1933, Aug Average, Netherlands, NLD
50.8801, 1933, Sep Average, Netherlands, NLD
81.2791, 1933, Oct Average, Netherlands, NLD
42.179, 1933, Nov Average, Netherlands, NLD
9.39297, 1933, Dec Average, Netherlands, NLD
57.8318, 1934, Jan Average, Netherlands, NLD
10.5575, 1934, Feb Average, Netherlands, NLD
53.3493, 1934, Mar Average, Netherlands, NLD
47.5213, 1934, Apr Average, Netherlands, NLD
45.2115, 1934, May Average, Netherlands, NLD
56.4142, 1934, Jun Average, Netherlands, NLD
36.2099, 1934, Jul Average, Netherlands, NLD
60.1892, 1934, Aug Average, Netherlands, NLD
43.1832, 1934, Sep Average, Netherlands, NLD
97.5118, 1934, Oct Average, Netherlands, NLD
43.5172, 1934, Nov Average, Netherlands, NLD
90.1043, 1934, Dec Average, Netherlands, NLD
61.0243, 1935, Jan Average, Netherlands, NLD
73.0576, 1935, Feb Average, Netherlands, NLD
26.8667, 1935, Mar Average, Netherlands, NLD
81.7185, 1935, Apr Average, Netherlands, NLD
57.2309, 1935, May Average, Netherlands, NLD
107.282, 1935, Jun Average, Netherlands, NLD
27.5366, 1935, Jul Average, Netherlands, NLD
63.7735, 1935, Aug Average, Netherlands, NLD
113.358, 1935, Sep Average, Netherlands, NLD
86.2547, 1935, Oct Average, Netherlands, NLD
51.3119, 1935, Nov Average, Netherlands, NLD
74.4763, 1935, Dec Average, Netherlands, NLD
82.9597, 1936, Jan Average, Netherlands, NLD
48.9373, 1936, Feb Average, Netherlands, NLD
16.1444, 1936, Mar Average, Netherlands, NLD
55.6644, 1936, Apr Average, Netherlands, NLD
24.9953, 1936, May Average, Netherlands, NLD
58.0645, 1936, Jun Average, Netherlands, NLD
123.942, 1936, Jul Average, Netherlands, NLD
39.587, 1936, Aug Average, Netherlands, NLD
85.8754, 1936, Sep Average, Netherlands, NLD
78.6118, 1936, Oct Average, Netherlands, NLD
74.8295, 1936, Nov Average, Netherlands, NLD
50.0161, 1936, Dec Average, Netherlands, NLD
92.3799, 1937, Jan Average, Netherlands, NLD
97.2391, 1937, Feb Average, Netherlands, NLD
72.8997, 1937, Mar Average, Netherlands, NLD
73.545, 1937, Apr Average, Netherlands, NLD
59.6486, 1937, May Average, Netherlands, NLD
57.2285, 1937, Jun Average, Netherlands, NLD
53.9362, 1937, Jul Average, Netherlands, NLD
58.7363, 1937, Aug Average, Netherlands, NLD
84.2123, 1937, Sep Average, Netherlands, NLD
25.5152, 1937, Oct Average, Netherlands, NLD
46.5136, 1937, Nov Average, Netherlands, NLD
63.2257, 1937, Dec Average, Netherlands, NLD
109.78, 1938, Jan Average, Netherlands, NLD
36.8886, 1938, Feb Average, Netherlands, NLD
24.4295, 1938, Mar Average, Netherlands, NLD
26.6996, 1938, Apr Average, Netherlands, NLD
48.0163, 1938, May Average, Netherlands, NLD
33.734, 1938, Jun Average, Netherlands, NLD
70.2734, 1938, Jul Average, Netherlands, NLD
85.0503, 1938, Aug Average, Netherlands, NLD
51.0002, 1938, Sep Average, Netherlands, NLD
100.672, 1938, Oct Average, Netherlands, NLD
71.1918, 1938, Nov Average, Netherlands, NLD
63.4654, 1938, Dec Average, Netherlands, NLD
100.902, 1939, Jan Average, Netherlands, NLD
30.5362, 1939, Feb Average, Netherlands, NLD
69.8536, 1939, Mar Average, Netherlands, NLD
59.3534, 1939, Apr Average, Netherlands, NLD
32.0034, 1939, May Average, Netherlands, NLD
38.9576, 1939, Jun Average, Netherlands, NLD
79.2449, 1939, Jul Average, Netherlands, NLD
61.1981, 1939, Aug Average, Netherlands, NLD
65.3528, 1939, Sep Average, Netherlands, NLD
124.086, 1939, Oct Average, Netherlands, NLD
135.532, 1939, Nov Average, Netherlands, NLD
44.487, 1939, Dec Average, Netherlands, NLD
33.4482, 1940, Jan Average, Netherlands, NLD
35.5885, 1940, Feb Average, Netherlands, NLD
86.6538, 1940, Mar Average, Netherlands, NLD
68.5073, 1940, Apr Average, Netherlands, NLD
26.4549, 1940, May Average, Netherlands, NLD
53.7996, 1940, Jun Average, Netherlands, NLD
100.621, 1940, Jul Average, Netherlands, NLD
61.3286, 1940, Aug Average, Netherlands, NLD
77.8183, 1940, Sep Average, Netherlands, NLD
35.8858, 1940, Oct Average, Netherlands, NLD
128.498, 1940, Nov Average, Netherlands, NLD
101.887, 1940, Dec Average, Netherlands, NLD
37.6084, 1941, Jan Average, Netherlands, NLD
47.5047, 1941, Feb Average, Netherlands, NLD
73.9234, 1941, Mar Average, Netherlands, NLD
26.5344, 1941, Apr Average, Netherlands, NLD
42.1098, 1941, May Average, Netherlands, NLD
37.9605, 1941, Jun Average, Netherlands, NLD
55.5465, 1941, Jul Average, Netherlands, NLD
129.836, 1941, Aug Average, Netherlands, NLD
26.3741, 1941, Sep Average, Netherlands, NLD
132.929, 1941, Oct Average, Netherlands, NLD
29.9127, 1941, Nov Average, Netherlands, NLD
74.6652, 1941, Dec Average, Netherlands, NLD
50.5789, 1942, Jan Average, Netherlands, NLD
23.2937, 1942, Feb Average, Netherlands, NLD
37.8779, 1942, Mar Average, Netherlands, NLD
17.8897, 1942, Apr Average, Netherlands, NLD
65.7064, 1942, May Average, Netherlands, NLD
40.1692, 1942, Jun Average, Netherlands, NLD
170.021, 1942, Jul Average, Netherlands, NLD
60.8402, 1942, Aug Average, Netherlands, NLD
63.9625, 1942, Sep Average, Netherlands, NLD
101.069, 1942, Oct Average, Netherlands, NLD
58.0169, 1942, Nov Average, Netherlands, NLD
68.0555, 1942, Dec Average, Netherlands, NLD
83.1688, 1943, Jan Average, Netherlands, NLD
42.7513, 1943, Feb Average, Netherlands, NLD
21.2136, 1943, Mar Average, Netherlands, NLD
47.0968, 1943, Apr Average, Netherlands, NLD
43.8643, 1943, May Average, Netherlands, NLD
84.7551, 1943, Jun Average, Netherlands, NLD
41.3337, 1943, Jul Average, Netherlands, NLD
89.2397, 1943, Aug Average, Netherlands, NLD
51.9949, 1943, Sep Average, Netherlands, NLD
23.6359, 1943, Oct Average, Netherlands, NLD
103.952, 1943, Nov Average, Netherlands, NLD
36.701, 1943, Dec Average, Netherlands, NLD
73.6901, 1944, Jan Average, Netherlands, NLD
39.4833, 1944, Feb Average, Netherlands, NLD
35.2543, 1944, Mar Average, Netherlands, NLD
33.5463, 1944, Apr Average, Netherlands, NLD
43.792, 1944, May Average, Netherlands, NLD
76.1321, 1944, Jun Average, Netherlands, NLD
76.9539, 1944, Jul Average, Netherlands, NLD
33.4453, 1944, Aug Average, Netherlands, NLD
97.465, 1944, Sep Average, Netherlands, NLD
90.0971, 1944, Oct Average, Netherlands, NLD
161.588, 1944, Nov Average, Netherlands, NLD
75.6225, 1944, Dec Average, Netherlands, NLD
57.2538, 1945, Jan Average, Netherlands, NLD
67.4941, 1945, Feb Average, Netherlands, NLD
29.1535, 1945, Mar Average, Netherlands, NLD
51.662, 1945, Apr Average, Netherlands, NLD
88.7198, 1945, May Average, Netherlands, NLD
47.704, 1945, Jun Average, Netherlands, NLD
63.6367, 1945, Jul Average, Netherlands, NLD
106.959, 1945, Aug Average, Netherlands, NLD
75.4806, 1945, Sep Average, Netherlands, NLD
46.6932, 1945, Oct Average, Netherlands, NLD
42.0519, 1945, Nov Average, Netherlands, NLD
69.1732, 1945, Dec Average, Netherlands, NLD
52.2275, 1946, Jan Average, Netherlands, NLD
120.274, 1946, Feb Average, Netherlands, NLD
40.5401, 1946, Mar Average, Netherlands, NLD
24.1022, 1946, Apr Average, Netherlands, NLD
51.6388, 1946, May Average, Netherlands, NLD
83.1695, 1946, Jun Average, Netherlands, NLD
58.8938, 1946, Jul Average, Netherlands, NLD
84.4346, 1946, Aug Average, Netherlands, NLD
87.053, 1946, Sep Average, Netherlands, NLD
57.7009, 1946, Oct Average, Netherlands, NLD
54.7921, 1946, Nov Average, Netherlands, NLD
44.5428, 1946, Dec Average, Netherlands, NLD
24.5588, 1947, Jan Average, Netherlands, NLD
24.1371, 1947, Feb Average, Netherlands, NLD
88.5376, 1947, Mar Average, Netherlands, NLD
58.7227, 1947, Apr Average, Netherlands, NLD
40.551, 1947, May Average, Netherlands, NLD
45.6668, 1947, Jun Average, Netherlands, NLD
72.0286, 1947, Jul Average, Netherlands, NLD
35.8242, 1947, Aug Average, Netherlands, NLD
48.3421, 1947, Sep Average, Netherlands, NLD
18.338, 1947, Oct Average, Netherlands, NLD
105.985, 1947, Nov Average, Netherlands, NLD
91.0415, 1947, Dec Average, Netherlands, NLD
125.557, 1948, Jan Average, Netherlands, NLD
43.2106, 1948, Feb Average, Netherlands, NLD
27.3568, 1948, Mar Average, Netherlands, NLD
55.587, 1948, Apr Average, Netherlands, NLD
45.5352, 1948, May Average, Netherlands, NLD
77.3484, 1948, Jun Average, Netherlands, NLD
96.0398, 1948, Jul Average, Netherlands, NLD
93.4964, 1948, Aug Average, Netherlands, NLD
47.3574, 1948, Sep Average, Netherlands, NLD
39.4494, 1948, Oct Average, Netherlands, NLD
31.2856, 1948, Nov Average, Netherlands, NLD
49.7326, 1948, Dec Average, Netherlands, NLD
37.0692, 1949, Jan Average, Netherlands, NLD
28.2841, 1949, Feb Average, Netherlands, NLD
37.7441, 1949, Mar Average, Netherlands, NLD
54.0206, 1949, Apr Average, Netherlands, NLD
61.474, 1949, May Average, Netherlands, NLD
26.3937, 1949, Jun Average, Netherlands, NLD
34.5665, 1949, Jul Average, Netherlands, NLD
51.3473, 1949, Aug Average, Netherlands, NLD
61.0715, 1949, Sep Average, Netherlands, NLD
66.626, 1949, Oct Average, Netherlands, NLD
81.1649, 1949, Nov Average, Netherlands, NLD
81.28, 1949, Dec Average, Netherlands, NLD
44.802, 1950, Jan Average, Netherlands, NLD
87.0332, 1950, Feb Average, Netherlands, NLD
24.4964, 1950, Mar Average, Netherlands, NLD
73.9157, 1950, Apr Average, Netherlands, NLD
63.031, 1950, May Average, Netherlands, NLD
57.1785, 1950, Jun Average, Netherlands, NLD
96.5741, 1950, Jul Average, Netherlands, NLD
90.7058, 1950, Aug Average, Netherlands, NLD
108.999, 1950, Sep Average, Netherlands, NLD
35.453, 1950, Oct Average, Netherlands, NLD
114.346, 1950, Nov Average, Netherlands, NLD
81.1803, 1950, Dec Average, Netherlands, NLD
86.3663, 1951, Jan Average, Netherlands, NLD
51.1167, 1951, Feb Average, Netherlands, NLD
85.9016, 1951, Mar Average, Netherlands, NLD
66.1201, 1951, Apr Average, Netherlands, NLD
59.5843, 1951, May Average, Netherlands, NLD
57.503, 1951, Jun Average, Netherlands, NLD
58.1502, 1951, Jul Average, Netherlands, NLD
105.269, 1951, Aug Average, Netherlands, NLD
64.4931, 1951, Sep Average, Netherlands, NLD
15.5698, 1951, Oct Average, Netherlands, NLD
104.967, 1951, Nov Average, Netherlands, NLD
60.325, 1951, Dec Average, Netherlands, NLD
94.1717, 1952, Jan Average, Netherlands, NLD
46.6647, 1952, Feb Average, Netherlands, NLD
65.0527, 1952, Mar Average, Netherlands, NLD
22.2851, 1952, Apr Average, Netherlands, NLD
28.571, 1952, May Average, Netherlands, NLD
49.4842, 1952, Jun Average, Netherlands, NLD
82.4326, 1952, Jul Average, Netherlands, NLD
92.7961, 1952, Aug Average, Netherlands, NLD
90.0946, 1952, Sep Average, Netherlands, NLD
72.1631, 1952, Oct Average, Netherlands, NLD
106.007, 1952, Nov Average, Netherlands, NLD
89.4621, 1952, Dec Average, Netherlands, NLD
24.6827, 1953, Jan Average, Netherlands, NLD
59.9534, 1953, Feb Average, Netherlands, NLD
15.2165, 1953, Mar Average, Netherlands, NLD
51.1043, 1953, Apr Average, Netherlands, NLD
42.1534, 1953, May Average, Netherlands, NLD
91.0344, 1953, Jun Average, Netherlands, NLD
80.1657, 1953, Jul Average, Netherlands, NLD
84.9481, 1953, Aug Average, Netherlands, NLD
50.1493, 1953, Sep Average, Netherlands, NLD
12.7666, 1953, Oct Average, Netherlands, NLD
22.1157, 1953, Nov Average, Netherlands, NLD
41.4941, 1953, Dec Average, Netherlands, NLD
60.133, 1954, Jan Average, Netherlands, NLD
38.7209, 1954, Feb Average, Netherlands, NLD
43.1696, 1954, Mar Average, Netherlands, NLD
20.0319, 1954, Apr Average, Netherlands, NLD
36.9709, 1954, May Average, Netherlands, NLD
70.9519, 1954, Jun Average, Netherlands, NLD
118.575, 1954, Jul Average, Netherlands, NLD
112.926, 1954, Aug Average, Netherlands, NLD
83.1273, 1954, Sep Average, Netherlands, NLD
81.7803, 1954, Oct Average, Netherlands, NLD
58.3813, 1954, Nov Average, Netherlands, NLD
70.1465, 1954, Dec Average, Netherlands, NLD
63.352, 1955, Jan Average, Netherlands, NLD
52.5182, 1955, Feb Average, Netherlands, NLD
35.556, 1955, Mar Average, Netherlands, NLD
25.5343, 1955, Apr Average, Netherlands, NLD
79.6983, 1955, May Average, Netherlands, NLD
59.7618, 1955, Jun Average, Netherlands, NLD
32.805, 1955, Jul Average, Netherlands, NLD
51.8643, 1955, Aug Average, Netherlands, NLD
71.6865, 1955, Sep Average, Netherlands, NLD
90.8, 1955, Oct Average, Netherlands, NLD
26.6491, 1955, Nov Average, Netherlands, NLD
77.6333, 1955, Dec Average, Netherlands, NLD
100.128, 1956, Jan Average, Netherlands, NLD
26.4988, 1956, Feb Average, Netherlands, NLD
37.4564, 1956, Mar Average, Netherlands, NLD
35.1677, 1956, Apr Average, Netherlands, NLD
43.8355, 1956, May Average, Netherlands, NLD
69.9012, 1956, Jun Average, Netherlands, NLD
100.766, 1956, Jul Average, Netherlands, NLD
124.309, 1956, Aug Average, Netherlands, NLD
58.4316, 1956, Sep Average, Netherlands, NLD
100.834, 1956, Oct Average, Netherlands, NLD
48.1908, 1956, Nov Average, Netherlands, NLD
47.3705, 1956, Dec Average, Netherlands, NLD
48.4142, 1957, Jan Average, Netherlands, NLD
91.221, 1957, Feb Average, Netherlands, NLD
58.1953, 1957, Mar Average, Netherlands, NLD
15.8525, 1957, Apr Average, Netherlands, NLD
52.6337, 1957, May Average, Netherlands, NLD
45.9281, 1957, Jun Average, Netherlands, NLD
111.9, 1957, Jul Average, Netherlands, NLD
120.848, 1957, Aug Average, Netherlands, NLD
145.195, 1957, Sep Average, Netherlands, NLD
51.524, 1957, Oct Average, Netherlands, NLD
44.1944, 1957, Nov Average, Netherlands, NLD
50.0495, 1957, Dec Average, Netherlands, NLD
84.6371, 1958, Jan Average, Netherlands, NLD
89.9344, 1958, Feb Average, Netherlands, NLD
31.233, 1958, Mar Average, Netherlands, NLD
48.6704, 1958, Apr Average, Netherlands, NLD
71.0569, 1958, May Average, Netherlands, NLD
57.6739, 1958, Jun Average, Netherlands, NLD
88.4624, 1958, Jul Average, Netherlands, NLD
98.4453, 1958, Aug Average, Netherlands, NLD
78.2406, 1958, Sep Average, Netherlands, NLD
76.5178, 1958, Oct Average, Netherlands, NLD
31.4407, 1958, Nov Average, Netherlands, NLD
77.1063, 1958, Dec Average, Netherlands, NLD
92.4569, 1959, Jan Average, Netherlands, NLD
6.47281, 1959, Feb Average, Netherlands, NLD
55.2248, 1959, Mar Average, Netherlands, NLD
54.1179, 1959, Apr Average, Netherlands, NLD
20.0594, 1959, May Average, Netherlands, NLD
41.8272, 1959, Jun Average, Netherlands, NLD
54.9178, 1959, Jul Average, Netherlands, NLD
38.9568, 1959, Aug Average, Netherlands, NLD
4.73934, 1959, Sep Average, Netherlands, NLD
63.5132, 1959, Oct Average, Netherlands, NLD
41.185, 1959, Nov Average, Netherlands, NLD
65.0121, 1959, Dec Average, Netherlands, NLD
73.7888, 1960, Jan Average, Netherlands, NLD
39.6219, 1960, Feb Average, Netherlands, NLD
25.3735, 1960, Mar Average, Netherlands, NLD
31.9468, 1960, Apr Average, Netherlands, NLD
48.8007, 1960, May Average, Netherlands, NLD
48.8491, 1960, Jun Average, Netherlands, NLD
112.783, 1960, Jul Average, Netherlands, NLD
120.064, 1960, Aug Average, Netherlands, NLD
77.57, 1960, Sep Average, Netherlands, NLD
123.142, 1960, Oct Average, Netherlands, NLD
113.904, 1960, Nov Average, Netherlands, NLD
90.311, 1960, Dec Average, Netherlands, NLD
97.4101, 1961, Jan Average, Netherlands, NLD
68.792, 1961, Feb Average, Netherlands, NLD
35.3033, 1961, Mar Average, Netherlands, NLD
69.0253, 1961, Apr Average, Netherlands, NLD
43.961, 1961, May Average, Netherlands, NLD
71.2856, 1961, Jun Average, Netherlands, NLD
95.1966, 1961, Jul Average, Netherlands, NLD
79.2636, 1961, Aug Average, Netherlands, NLD
68.6475, 1961, Sep Average, Netherlands, NLD
101.82, 1961, Oct Average, Netherlands, NLD
80.1513, 1961, Nov Average, Netherlands, NLD
102.9, 1961, Dec Average, Netherlands, NLD
81.0704, 1962, Jan Average, Netherlands, NLD
55.443, 1962, Feb Average, Netherlands, NLD
50.4932, 1962, Mar Average, Netherlands, NLD
65.7951, 1962, Apr Average, Netherlands, NLD
65.4155, 1962, May Average, Netherlands, NLD
19.5472, 1962, Jun Average, Netherlands, NLD
82.9736, 1962, Jul Average, Netherlands, NLD
77.2298, 1962, Aug Average, Netherlands, NLD
68.0351, 1962, Sep Average, Netherlands, NLD
53.1079, 1962, Oct Average, Netherlands, NLD
38.1775, 1962, Nov Average, Netherlands, NLD
94.1002, 1962, Dec Average, Netherlands, NLD
24.0098, 1963, Jan Average, Netherlands, NLD
16.5322, 1963, Feb Average, Netherlands, NLD
55.142, 1963, Mar Average, Netherlands, NLD
44.4949, 1963, Apr Average, Netherlands, NLD
66.7012, 1963, May Average, Netherlands, NLD
89.574, 1963, Jun Average, Netherlands, NLD
50.6707, 1963, Jul Average, Netherlands, NLD
118.852, 1963, Aug Average, Netherlands, NLD
61.3369, 1963, Sep Average, Netherlands, NLD
59.3822, 1963, Oct Average, Netherlands, NLD
90.1544, 1963, Nov Average, Netherlands, NLD
16.767, 1963, Dec Average, Netherlands, NLD
23.2459, 1964, Jan Average, Netherlands, NLD
28.4953, 1964, Feb Average, Netherlands, NLD
42.5385, 1964, Mar Average, Netherlands, NLD
49.6989, 1964, Apr Average, Netherlands, NLD
42.3066, 1964, May Average, Netherlands, NLD
77.0435, 1964, Jun Average, Netherlands, NLD
47.4309, 1964, Jul Average, Netherlands, NLD
73.0766, 1964, Aug Average, Netherlands, NLD
65.7603, 1964, Sep Average, Netherlands, NLD
101.084, 1964, Oct Average, Netherlands, NLD
63.3234, 1964, Nov Average, Netherlands, NLD
84.062, 1964, Dec Average, Netherlands, NLD
93.0238, 1965, Jan Average, Netherlands, NLD
24.1769, 1965, Feb Average, Netherlands, NLD
47.9967, 1965, Mar Average, Netherlands, NLD
86.3869, 1965, Apr Average, Netherlands, NLD
88.501, 1965, May Average, Netherlands, NLD
74.0913, 1965, Jun Average, Netherlands, NLD
146.002, 1965, Jul Average, Netherlands, NLD
81.2894, 1965, Aug Average, Netherlands, NLD
67.0221, 1965, Sep Average, Netherlands, NLD
23.348, 1965, Oct Average, Netherlands, NLD
80.8647, 1965, Nov Average, Netherlands, NLD
164.978, 1965, Dec Average, Netherlands, NLD
47.433, 1966, Jan Average, Netherlands, NLD
78.1229, 1966, Feb Average, Netherlands, NLD
70.8961, 1966, Mar Average, Netherlands, NLD
71.7476, 1966, Apr Average, Netherlands, NLD
41.7567, 1966, May Average, Netherlands, NLD
115.554, 1966, Jun Average, Netherlands, NLD
119.479, 1966, Jul Average, Netherlands, NLD
78.5716, 1966, Aug Average, Netherlands, NLD
43.3524, 1966, Sep Average, Netherlands, NLD
79.9197, 1966, Oct Average, Netherlands, NLD
110.105, 1966, Nov Average, Netherlands, NLD
156.843, 1966, Dec Average, Netherlands, NLD
51.2616, 1967, Jan Average, Netherlands, NLD
58.1998, 1967, Feb Average, Netherlands, NLD
56.6898, 1967, Mar Average, Netherlands, NLD
47.0141, 1967, Apr Average, Netherlands, NLD
69.0683, 1967, May Average, Netherlands, NLD
37.1291, 1967, Jun Average, Netherlands, NLD
42.6499, 1967, Jul Average, Netherlands, NLD
65.6303, 1967, Aug Average, Netherlands, NLD
73.8507, 1967, Sep Average, Netherlands, NLD
99.4226, 1967, Oct Average, Netherlands, NLD
86.4014, 1967, Nov Average, Netherlands, NLD
105.141, 1967, Dec Average, Netherlands, NLD
77.663, 1968, Jan Average, Netherlands, NLD
36.047, 1968, Feb Average, Netherlands, NLD
46.7761, 1968, Mar Average, Netherlands, NLD
24.974, 1968, Apr Average, Netherlands, NLD
69.2254, 1968, May Average, Netherlands, NLD
81.0896, 1968, Jun Average, Netherlands, NLD
88.5393, 1968, Jul Average, Netherlands, NLD
94.5526, 1968, Aug Average, Netherlands, NLD
124.395, 1968, Sep Average, Netherlands, NLD
72.7894, 1968, Oct Average, Netherlands, NLD
44.1107, 1968, Nov Average, Netherlands, NLD
38.5028, 1968, Dec Average, Netherlands, NLD
44.9126, 1969, Jan Average, Netherlands, NLD
59.917, 1969, Feb Average, Netherlands, NLD
53.5696, 1969, Mar Average, Netherlands, NLD
60.331, 1969, Apr Average, Netherlands, NLD
77.4598, 1969, May Average, Netherlands, NLD
58.3636, 1969, Jun Average, Netherlands, NLD
57.3728, 1969, Jul Average, Netherlands, NLD
135.954, 1969, Aug Average, Netherlands, NLD
14.997, 1969, Sep Average, Netherlands, NLD
22.4434, 1969, Oct Average, Netherlands, NLD
92.9021, 1969, Nov Average, Netherlands, NLD
39.671, 1969, Dec Average, Netherlands, NLD
45.2651, 1970, Jan Average, Netherlands, NLD
100.018, 1970, Feb Average, Netherlands, NLD
66.773, 1970, Mar Average, Netherlands, NLD
82.2445, 1970, Apr Average, Netherlands, NLD
28.391, 1970, May Average, Netherlands, NLD
37.2761, 1970, Jun Average, Netherlands, NLD
113.098, 1970, Jul Average, Netherlands, NLD
47.389, 1970, Aug Average, Netherlands, NLD
79.4268, 1970, Sep Average, Netherlands, NLD
89.7382, 1970, Oct Average, Netherlands, NLD
83.0946, 1970, Nov Average, Netherlands, NLD
45.0607, 1970, Dec Average, Netherlands, NLD
56.73, 1971, Jan Average, Netherlands, NLD
36.8675, 1971, Feb Average, Netherlands, NLD
37.8333, 1971, Mar Average, Netherlands, NLD
21.3771, 1971, Apr Average, Netherlands, NLD
64.9106, 1971, May Average, Netherlands, NLD
95.2604, 1971, Jun Average, Netherlands, NLD
34.4324, 1971, Jul Average, Netherlands, NLD
59.2289, 1971, Aug Average, Netherlands, NLD
23.6111, 1971, Sep Average, Netherlands, NLD
32.3439, 1971, Oct Average, Netherlands, NLD
81.6603, 1971, Nov Average, Netherlands, NLD
27.2082, 1971, Dec Average, Netherlands, NLD
34.4627, 1972, Jan Average, Netherlands, NLD
26.9633, 1972, Feb Average, Netherlands, NLD
43.8878, 1972, Mar Average, Netherlands, NLD
59.1908, 1972, Apr Average, Netherlands, NLD
86.653, 1972, May Average, Netherlands, NLD
74.4258, 1972, Jun Average, Netherlands, NLD
87.9576, 1972, Jul Average, Netherlands, NLD
72.5585, 1972, Aug Average, Netherlands, NLD
52.6417, 1972, Sep Average, Netherlands, NLD
26.7563, 1972, Oct Average, Netherlands, NLD
81.9543, 1972, Nov Average, Netherlands, NLD
22.478, 1972, Dec Average, Netherlands, NLD
26.9438, 1973, Jan Average, Netherlands, NLD
70.846, 1973, Feb Average, Netherlands, NLD
22.7851, 1973, Mar Average, Netherlands, NLD
66.676, 1973, Apr Average, Netherlands, NLD
71.0026, 1973, May Average, Netherlands, NLD
32.9392, 1973, Jun Average, Netherlands, NLD
79.5699, 1973, Jul Average, Netherlands, NLD
37.6183, 1973, Aug Average, Netherlands, NLD
72.6067, 1973, Sep Average, Netherlands, NLD
81.6997, 1973, Oct Average, Netherlands, NLD
77.1558, 1973, Nov Average, Netherlands, NLD
71.2079, 1973, Dec Average, Netherlands, NLD
63.3888, 1974, Jan Average, Netherlands, NLD
41.007, 1974, Feb Average, Netherlands, NLD
53.23, 1974, Mar Average, Netherlands, NLD
13.5814, 1974, Apr Average, Netherlands, NLD
39.2172, 1974, May Average, Netherlands, NLD
66.0091, 1974, Jun Average, Netherlands, NLD
81.5148, 1974, Jul Average, Netherlands, NLD
66.1576, 1974, Aug Average, Netherlands, NLD
122.89, 1974, Sep Average, Netherlands, NLD
140.482, 1974, Oct Average, Netherlands, NLD
108.049, 1974, Nov Average, Netherlands, NLD
109.663, 1974, Dec Average, Netherlands, NLD
84.1241, 1975, Jan Average, Netherlands, NLD
19.3777, 1975, Feb Average, Netherlands, NLD
75.0927, 1975, Mar Average, Netherlands, NLD
57.7523, 1975, Apr Average, Netherlands, NLD
34.6618, 1975, May Average, Netherlands, NLD
59.0195, 1975, Jun Average, Netherlands, NLD
62.2073, 1975, Jul Average, Netherlands, NLD
40.8867, 1975, Aug Average, Netherlands, NLD
75.5186, 1975, Sep Average, Netherlands, NLD
18.5465, 1975, Oct Average, Netherlands, NLD
96.5327, 1975, Nov Average, Netherlands, NLD
39.6535, 1975, Dec Average, Netherlands, NLD
95.9448, 1976, Jan Average, Netherlands, NLD
27.7269, 1976, Feb Average, Netherlands, NLD
24.907, 1976, Mar Average, Netherlands, NLD
8.8873, 1976, Apr Average, Netherlands, NLD
34.4419, 1976, May Average, Netherlands, NLD
29.3506, 1976, Jun Average, Netherlands, NLD
51.3, 1976, Jul Average, Netherlands, NLD
20.0808, 1976, Aug Average, Netherlands, NLD
67.1404, 1976, Sep Average, Netherlands, NLD
44.1297, 1976, Oct Average, Netherlands, NLD
75.4661, 1976, Nov Average, Netherlands, NLD
62.9927, 1976, Dec Average, Netherlands, NLD
67.8039, 1977, Jan Average, Netherlands, NLD
77.932, 1977, Feb Average, Netherlands, NLD
44.1093, 1977, Mar Average, Netherlands, NLD
66.3805, 1977, Apr Average, Netherlands, NLD
48.8916, 1977, May Average, Netherlands, NLD
61.1434, 1977, Jun Average, Netherlands, NLD
53.7085, 1977, Jul Average, Netherlands, NLD
81.6334, 1977, Aug Average, Netherlands, NLD
24.0824, 1977, Sep Average, Netherlands, NLD
46.5042, 1977, Oct Average, Netherlands, NLD
136.034, 1977, Nov Average, Netherlands, NLD
50.7153, 1977, Dec Average, Netherlands, NLD
61.3968, 1978, Jan Average, Netherlands, NLD
26.2994, 1978, Feb Average, Netherlands, NLD
81.6276, 1978, Mar Average, Netherlands, NLD
29.9495, 1978, Apr Average, Netherlands, NLD
44.3076, 1978, May Average, Netherlands, NLD
70.8173, 1978, Jun Average, Netherlands, NLD
68.1781, 1978, Jul Average, Netherlands, NLD
48.7034, 1978, Aug Average, Netherlands, NLD
79.6455, 1978, Sep Average, Netherlands, NLD
27.6792, 1978, Oct Average, Netherlands, NLD
34.6577, 1978, Nov Average, Netherlands, NLD
99.2813, 1978, Dec Average, Netherlands, NLD
55.2295, 1979, Jan Average, Netherlands, NLD
44.6342, 1979, Feb Average, Netherlands, NLD
99.5343, 1979, Mar Average, Netherlands, NLD
65.8286, 1979, Apr Average, Netherlands, NLD
91.5617, 1979, May Average, Netherlands, NLD
72.2184, 1979, Jun Average, Netherlands, NLD
46.475, 1979, Jul Average, Netherlands, NLD
68.0896, 1979, Aug Average, Netherlands, NLD
30.288, 1979, Sep Average, Netherlands, NLD
46.2797, 1979, Oct Average, Netherlands, NLD
90.1165, 1979, Nov Average, Netherlands, NLD
128.772, 1979, Dec Average, Netherlands, NLD
52.5417, 1980, Jan Average, Netherlands, NLD
52.4742, 1980, Feb Average, Netherlands, NLD
67.7806, 1980, Mar Average, Netherlands, NLD
40.8965, 1980, Apr Average, Netherlands, NLD
25.5119, 1980, May Average, Netherlands, NLD
91.4995, 1980, Jun Average, Netherlands, NLD
153.45, 1980, Jul Average, Netherlands, NLD
72.9995, 1980, Aug Average, Netherlands, NLD
36.8982, 1980, Sep Average, Netherlands, NLD
83.2672, 1980, Oct Average, Netherlands, NLD
72.253, 1980, Nov Average, Netherlands, NLD
84.7274, 1980, Dec Average, Netherlands, NLD
103.486, 1981, Jan Average, Netherlands, NLD
37.2675, 1981, Feb Average, Netherlands, NLD
120.28, 1981, Mar Average, Netherlands, NLD
23.1301, 1981, Apr Average, Netherlands, NLD
77.452, 1981, May Average, Netherlands, NLD
82.412, 1981, Jun Average, Netherlands, NLD
68.7733, 1981, Jul Average, Netherlands, NLD
44.5642, 1981, Aug Average, Netherlands, NLD
59.1391, 1981, Sep Average, Netherlands, NLD
137.415, 1981, Oct Average, Netherlands, NLD
82.5363, 1981, Nov Average, Netherlands, NLD
82.6584, 1981, Dec Average, Netherlands, NLD
61.0393, 1982, Jan Average, Netherlands, NLD
16.9795, 1982, Feb Average, Netherlands, NLD
60.2676, 1982, Mar Average, Netherlands, NLD
31.687, 1982, Apr Average, Netherlands, NLD
51.5677, 1982, May Average, Netherlands, NLD
99.5407, 1982, Jun Average, Netherlands, NLD
30.6031, 1982, Jul Average, Netherlands, NLD
70.7683, 1982, Aug Average, Netherlands, NLD
39.0933, 1982, Sep Average, Netherlands, NLD
116.322, 1982, Oct Average, Netherlands, NLD
62.2707, 1982, Nov Average, Netherlands, NLD
75.2616, 1982, Dec Average, Netherlands, NLD
93.1482, 1983, Jan Average, Netherlands, NLD
42.6677, 1983, Feb Average, Netherlands, NLD
79.3125, 1983, Mar Average, Netherlands, NLD
80.7942, 1983, Apr Average, Netherlands, NLD
119.39, 1983, May Average, Netherlands, NLD
54.2466, 1983, Jun Average, Netherlands, NLD
25.1928, 1983, Jul Average, Netherlands, NLD
22.8711, 1983, Aug Average, Netherlands, NLD
92.4399, 1983, Sep Average, Netherlands, NLD
56.6995, 1983, Oct Average, Netherlands, NLD
66.1322, 1983, Nov Average, Netherlands, NLD
58.6444, 1983, Dec Average, Netherlands, NLD
122.492, 1984, Jan Average, Netherlands, NLD
63.5033, 1984, Feb Average, Netherlands, NLD
48.0903, 1984, Mar Average, Netherlands, NLD
18.6123, 1984, Apr Average, Netherlands, NLD
100.883, 1984, May Average, Netherlands, NLD
59.591, 1984, Jun Average, Netherlands, NLD
62.5034, 1984, Jul Average, Netherlands, NLD
20.8599, 1984, Aug Average, Netherlands, NLD
146.309, 1984, Sep Average, Netherlands, NLD
99.7549, 1984, Oct Average, Netherlands, NLD
66.7194, 1984, Nov Average, Netherlands, NLD
41.937, 1984, Dec Average, Netherlands, NLD
67.0229, 1985, Jan Average, Netherlands, NLD
8.59654, 1985, Feb Average, Netherlands, NLD
57.9014, 1985, Mar Average, Netherlands, NLD
63.1999, 1985, Apr Average, Netherlands, NLD
44.1764, 1985, May Average, Netherlands, NLD
120.563, 1985, Jun Average, Netherlands, NLD
80.7097, 1985, Jul Average, Netherlands, NLD
83.8661, 1985, Aug Average, Netherlands, NLD
43.2813, 1985, Sep Average, Netherlands, NLD
27.8053, 1985, Oct Average, Netherlands, NLD
78.9199, 1985, Nov Average, Netherlands, NLD
76.2898, 1985, Dec Average, Netherlands, NLD
106.112, 1986, Jan Average, Netherlands, NLD
4.31694, 1986, Feb Average, Netherlands, NLD
79.7222, 1986, Mar Average, Netherlands, NLD
44.7862, 1986, Apr Average, Netherlands, NLD
50.1434, 1986, May Average, Netherlands, NLD
69.8239, 1986, Jun Average, Netherlands, NLD
45.9812, 1986, Jul Average, Netherlands, NLD
67.419, 1986, Aug Average, Netherlands, NLD
52.1778, 1986, Sep Average, Netherlands, NLD
97.3041, 1986, Oct Average, Netherlands, NLD
65.7446, 1986, Nov Average, Netherlands, NLD
113.545, 1986, Dec Average, Netherlands, NLD
45.0458, 1987, Jan Average, Netherlands, NLD
43.8044, 1987, Feb Average, Netherlands, NLD
82.2576, 1987, Mar Average, Netherlands, NLD
29.3193, 1987, Apr Average, Netherlands, NLD
77.143, 1987, May Average, Netherlands, NLD
96.8419, 1987, Jun Average, Netherlands, NLD
118.594, 1987, Jul Average, Netherlands, NLD
70.2396, 1987, Aug Average, Netherlands, NLD
67.6048, 1987, Sep Average, Netherlands, NLD
82.0028, 1987, Oct Average, Netherlands, NLD
93.878, 1987, Nov Average, Netherlands, NLD
43.6749, 1987, Dec Average, Netherlands, NLD
122.037, 1988, Jan Average, Netherlands, NLD
80.258, 1988, Feb Average, Netherlands, NLD
120.782, 1988, Mar Average, Netherlands, NLD
14.5112, 1988, Apr Average, Netherlands, NLD
54.3886, 1988, May Average, Netherlands, NLD
27.7, 1988, Jun Average, Netherlands, NLD
135.779, 1988, Jul Average, Netherlands, NLD
64.4047, 1988, Aug Average, Netherlands, NLD
80.9934, 1988, Sep Average, Netherlands, NLD
67.1436, 1988, Oct Average, Netherlands, NLD
53.7027, 1988, Nov Average, Netherlands, NLD
75.9934, 1988, Dec Average, Netherlands, NLD
25.6213, 1989, Jan Average, Netherlands, NLD
53.6311, 1989, Feb Average, Netherlands, NLD
86.8905, 1989, Mar Average, Netherlands, NLD
75.8601, 1989, Apr Average, Netherlands, NLD
13.5631, 1989, May Average, Netherlands, NLD
67.3332, 1989, Jun Average, Netherlands, NLD
48.2698, 1989, Jul Average, Netherlands, NLD
46.4134, 1989, Aug Average, Netherlands, NLD
50.9273, 1989, Sep Average, Netherlands, NLD
77.4875, 1989, Oct Average, Netherlands, NLD
28.4498, 1989, Nov Average, Netherlands, NLD
87.2011, 1989, Dec Average, Netherlands, NLD
53.667, 1990, Jan Average, Netherlands, NLD
92.7749, 1990, Feb Average, Netherlands, NLD
34.638, 1990, Mar Average, Netherlands, NLD
47.2009, 1990, Apr Average, Netherlands, NLD
25.9964, 1990, May Average, Netherlands, NLD
78.9871, 1990, Jun Average, Netherlands, NLD
38.327, 1990, Jul Average, Netherlands, NLD
56.2702, 1990, Aug Average, Netherlands, NLD
89.3405, 1990, Sep Average, Netherlands, NLD
54.5623, 1990, Oct Average, Netherlands, NLD
84.2429, 1990, Nov Average, Netherlands, NLD
72.8377, 1990, Dec Average, Netherlands, NLD
57.0482, 1991, Jan Average, Netherlands, NLD
25.8252, 1991, Feb Average, Netherlands, NLD
25.8967, 1991, Mar Average, Netherlands, NLD
37.6581, 1991, Apr Average, Netherlands, NLD
33.5372, 1991, May Average, Netherlands, NLD
118.24, 1991, Jun Average, Netherlands, NLD
64.2167, 1991, Jul Average, Netherlands, NLD
19.3921, 1991, Aug Average, Netherlands, NLD
57.5576, 1991, Sep Average, Netherlands, NLD
45.1985, 1991, Oct Average, Netherlands, NLD
111.989, 1991, Nov Average, Netherlands, NLD
58.8305, 1991, Dec Average, Netherlands, NLD
36.2177, 1992, Jan Average, Netherlands, NLD
31.73, 1992, Feb Average, Netherlands, NLD
84.712, 1992, Mar Average, Netherlands, NLD
52.2178, 1992, Apr Average, Netherlands, NLD
45.1814, 1992, May Average, Netherlands, NLD
65.7204, 1992, Jun Average, Netherlands, NLD
68.359, 1992, Jul Average, Netherlands, NLD
113.678, 1992, Aug Average, Netherlands, NLD
49.2052, 1992, Sep Average, Netherlands, NLD
95.2014, 1992, Oct Average, Netherlands, NLD
110.442, 1992, Nov Average, Netherlands, NLD
58.1594, 1992, Dec Average, Netherlands, NLD
87.7947, 1993, Jan Average, Netherlands, NLD
25.7711, 1993, Feb Average, Netherlands, NLD
10.4422, 1993, Mar Average, Netherlands, NLD
42.9019, 1993, Apr Average, Netherlands, NLD
64.2454, 1993, May Average, Netherlands, NLD
44.9483, 1993, Jun Average, Netherlands, NLD
131.135, 1993, Jul Average, Netherlands, NLD
52.7496, 1993, Aug Average, Netherlands, NLD
119.546, 1993, Sep Average, Netherlands, NLD
83.496, 1993, Oct Average, Netherlands, NLD
47.1054, 1993, Nov Average, Netherlands, NLD
154.224, 1993, Dec Average, Netherlands, NLD
91.8481, 1994, Jan Average, Netherlands, NLD
27.8516, 1994, Feb Average, Netherlands, NLD
93.7613, 1994, Mar Average, Netherlands, NLD
60.1177, 1994, Apr Average, Netherlands, NLD
67.9295, 1994, May Average, Netherlands, NLD
55.0755, 1994, Jun Average, Netherlands, NLD
45.8455, 1994, Jul Average, Netherlands, NLD
66.5773, 1994, Aug Average, Netherlands, NLD
124.481, 1994, Sep Average, Netherlands, NLD
96.6606, 1994, Oct Average, Netherlands, NLD
48.2058, 1994, Nov Average, Netherlands, NLD
107.02, 1994, Dec Average, Netherlands, NLD
132.438, 1995, Jan Average, Netherlands, NLD
89.2431, 1995, Feb Average, Netherlands, NLD
83.6083, 1995, Mar Average, Netherlands, NLD
31.5048, 1995, Apr Average, Netherlands, NLD
57.9421, 1995, May Average, Netherlands, NLD
66.121, 1995, Jun Average, Netherlands, NLD
53.8546, 1995, Jul Average, Netherlands, NLD
33.6396, 1995, Aug Average, Netherlands, NLD
103.426, 1995, Sep Average, Netherlands, NLD
20.9992, 1995, Oct Average, Netherlands, NLD
43.1418, 1995, Nov Average, Netherlands, NLD
40.344, 1995, Dec Average, Netherlands, NLD
7.33015, 1996, Jan Average, Netherlands, NLD
54.1746, 1996, Feb Average, Netherlands, NLD
16.4194, 1996, Mar Average, Netherlands, NLD
7.38768, 1996, Apr Average, Netherlands, NLD
54.3222, 1996, May Average, Netherlands, NLD
29.6248, 1996, Jun Average, Netherlands, NLD
46.9643, 1996, Jul Average, Netherlands, NLD
93.8756, 1996, Aug Average, Netherlands, NLD
47.8044, 1996, Sep Average, Netherlands, NLD
69.422, 1996, Oct Average, Netherlands, NLD
112.912, 1996, Nov Average, Netherlands, NLD
38.2766, 1996, Dec Average, Netherlands, NLD
4.88192, 1997, Jan Average, Netherlands, NLD
81.3409, 1997, Feb Average, Netherlands, NLD
30.3616, 1997, Mar Average, Netherlands, NLD
31.5818, 1997, Apr Average, Netherlands, NLD
86.5899, 1997, May Average, Netherlands, NLD
97.3946, 1997, Jun Average, Netherlands, NLD
58.9079, 1997, Jul Average, Netherlands, NLD
50.4129, 1997, Aug Average, Netherlands, NLD
29.0913, 1997, Sep Average, Netherlands, NLD
78.9809, 1997, Oct Average, Netherlands, NLD
44.6021, 1997, Nov Average, Netherlands, NLD
78.5345, 1997, Dec Average, Netherlands, NLD
78.8595, 1998, Jan Average, Netherlands, NLD
16.8717, 1998, Feb Average, Netherlands, NLD
89.4394, 1998, Mar Average, Netherlands, NLD
90.4002, 1998, Apr Average, Netherlands, NLD
39.4329, 1998, May Average, Netherlands, NLD
125.756, 1998, Jun Average, Netherlands, NLD
69.537, 1998, Jul Average, Netherlands, NLD
67.2108, 1998, Aug Average, Netherlands, NLD
122.336, 1998, Sep Average, Netherlands, NLD
157.995, 1998, Oct Average, Netherlands, NLD
90.0181, 1998, Nov Average, Netherlands, NLD
78.208, 1998, Dec Average, Netherlands, NLD
91.7333, 1999, Jan Average, Netherlands, NLD
64.1903, 1999, Feb Average, Netherlands, NLD
80.6881, 1999, Mar Average, Netherlands, NLD
55.0351, 1999, Apr Average, Netherlands, NLD
42.9508, 1999, May Average, Netherlands, NLD
86.5252, 1999, Jun Average, Netherlands, NLD
44.2094, 1999, Jul Average, Netherlands, NLD
93.1404, 1999, Aug Average, Netherlands, NLD
72.1836, 1999, Sep Average, Netherlands, NLD
60.3279, 1999, Oct Average, Netherlands, NLD
57.9592, 1999, Nov Average, Netherlands, NLD
147.267, 1999, Dec Average, Netherlands, NLD
50.6084, 2000, Jan Average, Netherlands, NLD
85.6541, 2000, Feb Average, Netherlands, NLD
70.5703, 2000, Mar Average, Netherlands, NLD
45.8387, 2000, Apr Average, Netherlands, NLD
85.9644, 2000, May Average, Netherlands, NLD
42.0244, 2000, Jun Average, Netherlands, NLD
106.748, 2000, Jul Average, Netherlands, NLD
46.0875, 2000, Aug Average, Netherlands, NLD
77.7635, 2000, Sep Average, Netherlands, NLD
103.629, 2000, Oct Average, Netherlands, NLD
100.3, 2000, Nov Average, Netherlands, NLD
73.1098, 2000, Dec Average, Netherlands, NLD
72.5177, 2001, Jan Average, Netherlands, NLD
75.9853, 2001, Feb Average, Netherlands, NLD
79.8111, 2001, Mar Average, Netherlands, NLD
81.0066, 2001, Apr Average, Netherlands, NLD
33.8223, 2001, May Average, Netherlands, NLD
57.8212, 2001, Jun Average, Netherlands, NLD
78.8781, 2001, Jul Average, Netherlands, NLD
86.933, 2001, Aug Average, Netherlands, NLD
147.739, 2001, Sep Average, Netherlands, NLD
52.4004, 2001, Oct Average, Netherlands, NLD
88.6246, 2001, Nov Average, Netherlands, NLD
77.7689, 2001, Dec Average, Netherlands, NLD
67.2684, 2002, Jan Average, Netherlands, NLD
122.483, 2002, Feb Average, Netherlands, NLD
42.4785, 2002, Mar Average, Netherlands, NLD
49.6861, 2002, Apr Average, Netherlands, NLD
47.9618, 2002, May Average, Netherlands, NLD
66.02, 2002, Jun Average, Netherlands, NLD
96.8137, 2002, Jul Average, Netherlands, NLD
111.876, 2002, Aug Average, Netherlands, NLD
38.6005, 2002, Sep Average, Netherlands, NLD
87.3288, 2002, Oct Average, Netherlands, NLD
90.2191, 2002, Nov Average, Netherlands, NLD
85.8898, 2002, Dec Average, Netherlands, NLD
81.3619, 2003, Jan Average, Netherlands, NLD
19.7313, 2003, Feb Average, Netherlands, NLD
28.9382, 2003, Mar Average, Netherlands, NLD
39.9976, 2003, Apr Average, Netherlands, NLD
82.9713, 2003, May Average, Netherlands, NLD
41.2292, 2003, Jun Average, Netherlands, NLD
49.4266, 2003, Jul Average, Netherlands, NLD
24.4654, 2003, Aug Average, Netherlands, NLD
51.7864, 2003, Sep Average, Netherlands, NLD
78.2729, 2003, Oct Average, Netherlands, NLD
49.8263, 2003, Nov Average, Netherlands, NLD
83.5764, 2003, Dec Average, Netherlands, NLD
115.811, 2004, Jan Average, Netherlands, NLD
66.9782, 2004, Feb Average, Netherlands, NLD
34.406, 2004, Mar Average, Netherlands, NLD
39.2007, 2004, Apr Average, Netherlands, NLD
36.9972, 2004, May Average, Netherlands, NLD
74.3874, 2004, Jun Average, Netherlands, NLD
108.729, 2004, Jul Average, Netherlands, NLD
120.218, 2004, Aug Average, Netherlands, NLD
68.6495, 2004, Sep Average, Netherlands, NLD
57.4637, 2004, Oct Average, Netherlands, NLD
72.0615, 2004, Nov Average, Netherlands, NLD
49.5612, 2004, Dec Average, Netherlands, NLD
57.9699, 2005, Jan Average, Netherlands, NLD
64.4086, 2005, Feb Average, Netherlands, NLD
46.7523, 2005, Mar Average, Netherlands, NLD
56.734, 2005, Apr Average, Netherlands, NLD
55.4634, 2005, May Average, Netherlands, NLD
52.7658, 2005, Jun Average, Netherlands, NLD
123.141, 2005, Jul Average, Netherlands, NLD
98.4757, 2005, Aug Average, Netherlands, NLD
56.5523, 2005, Sep Average, Netherlands, NLD
58.2239, 2005, Oct Average, Netherlands, NLD
75.4723, 2005, Nov Average, Netherlands, NLD
60.0091, 2005, Dec Average, Netherlands, NLD
19.6261, 2006, Jan Average, Netherlands, NLD
55.1116, 2006, Feb Average, Netherlands, NLD
71.584, 2006, Mar Average, Netherlands, NLD
39.4295, 2006, Apr Average, Netherlands, NLD
89.9578, 2006, May Average, Netherlands, NLD
42.1989, 2006, Jun Average, Netherlands, NLD
26.0494, 2006, Jul Average, Netherlands, NLD
161.466, 2006, Aug Average, Netherlands, NLD
17.808, 2006, Sep Average, Netherlands, NLD
79.3735, 2006, Oct Average, Netherlands, NLD
73.6556, 2006, Nov Average, Netherlands, NLD
77.5599, 2006, Dec Average, Netherlands, NLD
107.533, 2007, Jan Average, Netherlands, NLD
78.3185, 2007, Feb Average, Netherlands, NLD
67.4797, 2007, Mar Average, Netherlands, NLD
0.54544, 2007, Apr Average, Netherlands, NLD
92.6113, 2007, May Average, Netherlands, NLD
95.4086, 2007, Jun Average, Netherlands, NLD
137.805, 2007, Jul Average, Netherlands, NLD
62.6181, 2007, Aug Average, Netherlands, NLD
78.4579, 2007, Sep Average, Netherlands, NLD
39.6207, 2007, Oct Average, Netherlands, NLD
73.69, 2007, Nov Average, Netherlands, NLD
72.8679, 2007, Dec Average, Netherlands, NLD
88.7906, 2008, Jan Average, Netherlands, NLD
38.7432, 2008, Feb Average, Netherlands, NLD
103.333, 2008, Mar Average, Netherlands, NLD
39.4121, 2008, Apr Average, Netherlands, NLD
35.0002, 2008, May Average, Netherlands, NLD
53.8452, 2008, Jun Average, Netherlands, NLD
107.719, 2008, Jul Average, Netherlands, NLD
97.1324, 2008, Aug Average, Netherlands, NLD
67.5749, 2008, Sep Average, Netherlands, NLD
95.9895, 2008, Oct Average, Netherlands, NLD
73.9104, 2008, Nov Average, Netherlands, NLD
42.5207, 2008, Dec Average, Netherlands, NLD
50.6233, 2009, Jan Average, Netherlands, NLD
54.4805, 2009, Feb Average, Netherlands, NLD
61.381, 2009, Mar Average, Netherlands, NLD
26.2545, 2009, Apr Average, Netherlands, NLD
60.4891, 2009, May Average, Netherlands, NLD
58.3004, 2009, Jun Average, Netherlands, NLD
95.3069, 2009, Jul Average, Netherlands, NLD
32.2325, 2009, Aug Average, Netherlands, NLD
32.0257, 2009, Sep Average, Netherlands, NLD
76.8207, 2009, Oct Average, Netherlands, NLD
116.561, 2009, Nov Average, Netherlands, NLD
87.7897, 2009, Dec Average, Netherlands, NLD
46.3161, 2010, Jan Average, Netherlands, NLD
64.7681, 2010, Feb Average, Netherlands, NLD
47.7544, 2010, Mar Average, Netherlands, NLD
21.6622, 2010, Apr Average, Netherlands, NLD
64.0151, 2010, May Average, Netherlands, NLD
30.4755, 2010, Jun Average, Netherlands, NLD
69.2821, 2010, Jul Average, Netherlands, NLD
149.372, 2010, Aug Average, Netherlands, NLD
81.1502, 2010, Sep Average, Netherlands, NLD
64.0202, 2010, Oct Average, Netherlands, NLD
97.5111, 2010, Nov Average, Netherlands, NLD
55.1032, 2010, Dec Average, Netherlands, NLD
74.6666, 2011, Jan Average, Netherlands, NLD
47.3871, 2011, Feb Average, Netherlands, NLD
15.8335, 2011, Mar Average, Netherlands, NLD
12.9711, 2011, Apr Average, Netherlands, NLD
26.7947, 2011, May Average, Netherlands, NLD
88.206, 2011, Jun Average, Netherlands, NLD
118.375, 2011, Jul Average, Netherlands, NLD
103.317, 2011, Aug Average, Netherlands, NLD
65.4701, 2011, Sep Average, Netherlands, NLD
60.9949, 2011, Oct Average, Netherlands, NLD
7.24324, 2011, Nov Average, Netherlands, NLD
142.031, 2011, Dec Average, Netherlands, NLD
90.944, 2012, Jan Average, Netherlands, NLD
20.2594, 2012, Feb Average, Netherlands, NLD
21.0666, 2012, Mar Average, Netherlands, NLD
52.8102, 2012, Apr Average, Netherlands, NLD
57.9086, 2012, May Average, Netherlands, NLD
89.6845, 2012, Jun Average, Netherlands, NLD
109.331, 2012, Jul Average, Netherlands, NLD
64.6153, 2012, Aug Average, Netherlands, NLD
49.011, 2012, Sep Average, Netherlands, NLD
107.615, 2012, Oct Average, Netherlands, NLD
47.7147, 2012, Nov Average, Netherlands, NLD
126.981, 2012, Dec Average, Netherlands, NLD
53.2464, 2013, Jan Average, Netherlands, NLD
40.1826, 2013, Feb Average, Netherlands, NLD
35.6064, 2013, Mar Average, Netherlands, NLD
23.2163, 2013, Apr Average, Netherlands, NLD
83.2063, 2013, May Average, Netherlands, NLD
61.007, 2013, Jun Average, Netherlands, NLD
42.5444, 2013, Jul Average, Netherlands, NLD
38.2755, 2013, Aug Average, Netherlands, NLD
89.5513, 2013, Sep Average, Netherlands, NLD
95.7126, 2013, Oct Average, Netherlands, NLD
91.1381, 2013, Nov Average, Netherlands, NLD
65.9407, 2013, Dec Average, Netherlands, NLD
64.3436, 2014, Jan Average, Netherlands, NLD
54.4334, 2014, Feb Average, Netherlands, NLD
23.7137, 2014, Mar Average, Netherlands, NLD
40.7528, 2014, Apr Average, Netherlands, NLD
83.7489, 2014, May Average, Netherlands, NLD
54.1732, 2014, Jun Average, Netherlands, NLD
108.564, 2014, Jul Average, Netherlands, NLD
111.767, 2014, Aug Average, Netherlands, NLD
24.4222, 2014, Sep Average, Netherlands, NLD
68.0988, 2014, Oct Average, Netherlands, NLD
42.8033, 2014, Nov Average, Netherlands, NLD
86.481, 2014, Dec Average, Netherlands, NLD
105.537, 2015, Jan Average, Netherlands, NLD
48.8649, 2015, Feb Average, Netherlands, NLD
53.0351, 2015, Mar Average, Netherlands, NLD
25.7025, 2015, Apr Average, Netherlands, NLD
47.8524, 2015, May Average, Netherlands, NLD
38.3959, 2015, Jun Average, Netherlands, NLD
85.4339, 2015, Jul Average, Netherlands, NLD
115.526, 2015, Aug Average, Netherlands, NLD
85.1112, 2015, Sep Average, Netherlands, NLD
38.485, 2015, Oct Average, Netherlands, NLD
118.212, 2015, Nov Average, Netherlands, NLD
49.801, 2015, Dec Average, Netherlands, NLD
100.061, 2016, Jan Average, Netherlands, NLD
76.7236, 2016, Feb Average, Netherlands, NLD
53.4978, 2016, Mar Average, Netherlands, NLD
61.2065, 2016, Apr Average, Netherlands, NLD
56.9361, 2016, May Average, Netherlands, NLD
91.1962, 2016, Jun Average, Netherlands, NLD
54.9292, 2016, Jul Average, Netherlands, NLD
55.8936, 2016, Aug Average, Netherlands, NLD
44.5719, 2016, Sep Average, Netherlands, NLD
55.3517, 2016, Oct Average, Netherlands, NLD
61.0903, 2016, Nov Average, Netherlands, NLD
25.415, 2016, Dec Average, Netherlands, NLD
