Temperature - (Celsius), Year, Statistics, Country, ISO3
-3.8893, 1901, Jan Average, Croatia, HRV
-2.8735, 1901, Feb Average, Croatia, HRV
5.34943, 1901, Mar Average, Croatia, HRV
10.0807, 1901, Apr Average, Croatia, HRV
14.2134, 1901, May Average, Croatia, HRV
18.3488, 1901, Jun Average, Croatia, HRV
20.3566, 1901, Jul Average, Croatia, HRV
18.9909, 1901, Aug Average, Croatia, HRV
15.5578, 1901, Sep Average, Croatia, HRV
11.6417, 1901, Oct Average, Croatia, HRV
3.87059, 1901, Nov Average, Croatia, HRV
3.79664, 1901, Dec Average, Croatia, HRV
2.47645, 1902, Jan Average, Croatia, HRV
3.01664, 1902, Feb Average, Croatia, HRV
5.02948, 1902, Mar Average, Croatia, HRV
10.3655, 1902, Apr Average, Croatia, HRV
10.6368, 1902, May Average, Croatia, HRV
16.3766, 1902, Jun Average, Croatia, HRV
19.3095, 1902, Jul Average, Croatia, HRV
19.404, 1902, Aug Average, Croatia, HRV
15.9106, 1902, Sep Average, Croatia, HRV
10.7013, 1902, Oct Average, Croatia, HRV
3.06013, 1902, Nov Average, Croatia, HRV
-0.9549, 1902, Dec Average, Croatia, HRV
-1.2879, 1903, Jan Average, Croatia, HRV
3.53144, 1903, Feb Average, Croatia, HRV
7.26605, 1903, Mar Average, Croatia, HRV
7.01824, 1903, Apr Average, Croatia, HRV
14.2869, 1903, May Average, Croatia, HRV
16.7574, 1903, Jun Average, Croatia, HRV
19.1107, 1903, Jul Average, Croatia, HRV
19.3392, 1903, Aug Average, Croatia, HRV
16.0937, 1903, Sep Average, Croatia, HRV
11.5839, 1903, Oct Average, Croatia, HRV
6.42849, 1903, Nov Average, Croatia, HRV
2.71237, 1903, Dec Average, Croatia, HRV
-0.8111, 1904, Jan Average, Croatia, HRV
3.84636, 1904, Feb Average, Croatia, HRV
5.97205, 1904, Mar Average, Croatia, HRV
10.8181, 1904, Apr Average, Croatia, HRV
14.7713, 1904, May Average, Croatia, HRV
18.3586, 1904, Jun Average, Croatia, HRV
21.3968, 1904, Jul Average, Croatia, HRV
19.8294, 1904, Aug Average, Croatia, HRV
14.294, 1904, Sep Average, Croatia, HRV
11.1011, 1904, Oct Average, Croatia, HRV
4.20263, 1904, Nov Average, Croatia, HRV
2.15012, 1904, Dec Average, Croatia, HRV
-3.9092, 1905, Jan Average, Croatia, HRV
0.48526, 1905, Feb Average, Croatia, HRV
6.23629, 1905, Mar Average, Croatia, HRV
8.7904, 1905, Apr Average, Croatia, HRV
14.0779, 1905, May Average, Croatia, HRV
18.01, 1905, Jun Average, Croatia, HRV
21.6096, 1905, Jul Average, Croatia, HRV
20.664, 1905, Aug Average, Croatia, HRV
17.7007, 1905, Sep Average, Croatia, HRV
7.07298, 1905, Oct Average, Croatia, HRV
6.93556, 1905, Nov Average, Croatia, HRV
2.31089, 1905, Dec Average, Croatia, HRV
-0.5754, 1906, Jan Average, Croatia, HRV
1.27657, 1906, Feb Average, Croatia, HRV
5.26977, 1906, Mar Average, Croatia, HRV
10.0429, 1906, Apr Average, Croatia, HRV
14.371, 1906, May Average, Croatia, HRV
16.8652, 1906, Jun Average, Croatia, HRV
19.7554, 1906, Jul Average, Croatia, HRV
19.1305, 1906, Aug Average, Croatia, HRV
14.2305, 1906, Sep Average, Croatia, HRV
11.0654, 1906, Oct Average, Croatia, HRV
7.89571, 1906, Nov Average, Croatia, HRV
-0.4329, 1906, Dec Average, Croatia, HRV
-1.927, 1907, Jan Average, Croatia, HRV
-0.9927, 1907, Feb Average, Croatia, HRV
2.48712, 1907, Mar Average, Croatia, HRV
7.38264, 1907, Apr Average, Croatia, HRV
16.0664, 1907, May Average, Croatia, HRV
18.3756, 1907, Jun Average, Croatia, HRV
18.7361, 1907, Jul Average, Croatia, HRV
19.8911, 1907, Aug Average, Croatia, HRV
16.1641, 1907, Sep Average, Croatia, HRV
14.717, 1907, Oct Average, Croatia, HRV
5.2972, 1907, Nov Average, Croatia, HRV
2.884, 1907, Dec Average, Croatia, HRV
-1.7763, 1908, Jan Average, Croatia, HRV
1.7883, 1908, Feb Average, Croatia, HRV
4.04548, 1908, Mar Average, Croatia, HRV
8.1418, 1908, Apr Average, Croatia, HRV
17.323, 1908, May Average, Croatia, HRV
19.7037, 1908, Jun Average, Croatia, HRV
19.8124, 1908, Jul Average, Croatia, HRV
18.3042, 1908, Aug Average, Croatia, HRV
14.3983, 1908, Sep Average, Croatia, HRV
10.3144, 1908, Oct Average, Croatia, HRV
1.6855, 1908, Nov Average, Croatia, HRV
-0.1303, 1908, Dec Average, Croatia, HRV
-2.9887, 1909, Jan Average, Croatia, HRV
-2.242, 1909, Feb Average, Croatia, HRV
4.4899, 1909, Mar Average, Croatia, HRV
10.7314, 1909, Apr Average, Croatia, HRV
13.6273, 1909, May Average, Croatia, HRV
17.1039, 1909, Jun Average, Croatia, HRV
18.7872, 1909, Jul Average, Croatia, HRV
19.7304, 1909, Aug Average, Croatia, HRV
15.9581, 1909, Sep Average, Croatia, HRV
12.4785, 1909, Oct Average, Croatia, HRV
4.19177, 1909, Nov Average, Croatia, HRV
4.52628, 1909, Dec Average, Croatia, HRV
1.26204, 1910, Jan Average, Croatia, HRV
4.14911, 1910, Feb Average, Croatia, HRV
6.04838, 1910, Mar Average, Croatia, HRV
9.39264, 1910, Apr Average, Croatia, HRV
13.6997, 1910, May Average, Croatia, HRV
17.9359, 1910, Jun Average, Croatia, HRV
18.3098, 1910, Jul Average, Croatia, HRV
19.0572, 1910, Aug Average, Croatia, HRV
14.1702, 1910, Sep Average, Croatia, HRV
11.3928, 1910, Oct Average, Croatia, HRV
4.78254, 1910, Nov Average, Croatia, HRV
5.24865, 1910, Dec Average, Croatia, HRV
-0.8414, 1911, Jan Average, Croatia, HRV
0.51809, 1911, Feb Average, Croatia, HRV
5.59167, 1911, Mar Average, Croatia, HRV
9.25442, 1911, Apr Average, Croatia, HRV
14.0798, 1911, May Average, Croatia, HRV
17.1241, 1911, Jun Average, Croatia, HRV
20.9663, 1911, Jul Average, Croatia, HRV
20.832, 1911, Aug Average, Croatia, HRV
16.8011, 1911, Sep Average, Croatia, HRV
11.0596, 1911, Oct Average, Croatia, HRV
8.37323, 1911, Nov Average, Croatia, HRV
3.66842, 1911, Dec Average, Croatia, HRV
-0.578, 1912, Jan Average, Croatia, HRV
4.5242, 1912, Feb Average, Croatia, HRV
8.01496, 1912, Mar Average, Croatia, HRV
7.85765, 1912, Apr Average, Croatia, HRV
14.2885, 1912, May Average, Croatia, HRV
18.1938, 1912, Jun Average, Croatia, HRV
19.7134, 1912, Jul Average, Croatia, HRV
17.4811, 1912, Aug Average, Croatia, HRV
12.1828, 1912, Sep Average, Croatia, HRV
8.97472, 1912, Oct Average, Croatia, HRV
2.7621, 1912, Nov Average, Croatia, HRV
2.47167, 1912, Dec Average, Croatia, HRV
-0.5781, 1913, Jan Average, Croatia, HRV
0.41569, 1913, Feb Average, Croatia, HRV
7.66854, 1913, Mar Average, Croatia, HRV
9.83027, 1913, Apr Average, Croatia, HRV
13.8074, 1913, May Average, Croatia, HRV
17.5356, 1913, Jun Average, Croatia, HRV
16.8501, 1913, Jul Average, Croatia, HRV
17.5319, 1913, Aug Average, Croatia, HRV
15.4679, 1913, Sep Average, Croatia, HRV
11.7684, 1913, Oct Average, Croatia, HRV
7.48983, 1913, Nov Average, Croatia, HRV
1.84474, 1913, Dec Average, Croatia, HRV
-4.2214, 1914, Jan Average, Croatia, HRV
0.46278, 1914, Feb Average, Croatia, HRV
6.35063, 1914, Mar Average, Croatia, HRV
11.1658, 1914, Apr Average, Croatia, HRV
13.5213, 1914, May Average, Croatia, HRV
16.5233, 1914, Jun Average, Croatia, HRV
18.6101, 1914, Jul Average, Croatia, HRV
19.3303, 1914, Aug Average, Croatia, HRV
14.4833, 1914, Sep Average, Croatia, HRV
9.97636, 1914, Oct Average, Croatia, HRV
4.67168, 1914, Nov Average, Croatia, HRV
3.71833, 1914, Dec Average, Croatia, HRV
1.03274, 1915, Jan Average, Croatia, HRV
1.96047, 1915, Feb Average, Croatia, HRV
4.47731, 1915, Mar Average, Croatia, HRV
9.50987, 1915, Apr Average, Croatia, HRV
15.4785, 1915, May Average, Croatia, HRV
18.9703, 1915, Jun Average, Croatia, HRV
19.1556, 1915, Jul Average, Croatia, HRV
17.681, 1915, Aug Average, Croatia, HRV
13.7055, 1915, Sep Average, Croatia, HRV
8.6951, 1915, Oct Average, Croatia, HRV
3.56535, 1915, Nov Average, Croatia, HRV
5.31278, 1915, Dec Average, Croatia, HRV
2.83876, 1916, Jan Average, Croatia, HRV
1.99574, 1916, Feb Average, Croatia, HRV
8.11348, 1916, Mar Average, Croatia, HRV
9.8086, 1916, Apr Average, Croatia, HRV
14.8917, 1916, May Average, Croatia, HRV
17.0094, 1916, Jun Average, Croatia, HRV
19.6792, 1916, Jul Average, Croatia, HRV
18.9873, 1916, Aug Average, Croatia, HRV
14.0877, 1916, Sep Average, Croatia, HRV
10.3791, 1916, Oct Average, Croatia, HRV
7.43786, 1916, Nov Average, Croatia, HRV
4.52438, 1916, Dec Average, Croatia, HRV
0.01049, 1917, Jan Average, Croatia, HRV
-2.7992, 1917, Feb Average, Croatia, HRV
3.36332, 1917, Mar Average, Croatia, HRV
7.58224, 1917, Apr Average, Croatia, HRV
15.6234, 1917, May Average, Croatia, HRV
19.8165, 1917, Jun Average, Croatia, HRV
20.218, 1917, Jul Average, Croatia, HRV
20.6681, 1917, Aug Average, Croatia, HRV
17.5767, 1917, Sep Average, Croatia, HRV
10.8965, 1917, Oct Average, Croatia, HRV
5.42917, 1917, Nov Average, Croatia, HRV
-0.5095, 1917, Dec Average, Croatia, HRV
1.17582, 1918, Jan Average, Croatia, HRV
0.9981, 1918, Feb Average, Croatia, HRV
5.55451, 1918, Mar Average, Croatia, HRV
11.0821, 1918, Apr Average, Croatia, HRV
14.889, 1918, May Average, Croatia, HRV
15.6989, 1918, Jun Average, Croatia, HRV
19.1691, 1918, Jul Average, Croatia, HRV
18.8747, 1918, Aug Average, Croatia, HRV
16.8782, 1918, Sep Average, Croatia, HRV
10.4163, 1918, Oct Average, Croatia, HRV
4.52011, 1918, Nov Average, Croatia, HRV
2.74122, 1918, Dec Average, Croatia, HRV
2.6125, 1919, Jan Average, Croatia, HRV
1.12017, 1919, Feb Average, Croatia, HRV
6.22377, 1919, Mar Average, Croatia, HRV
8.17435, 1919, Apr Average, Croatia, HRV
11.4557, 1919, May Average, Croatia, HRV
17.2624, 1919, Jun Average, Croatia, HRV
17.3092, 1919, Jul Average, Croatia, HRV
19.5882, 1919, Aug Average, Croatia, HRV
17.1255, 1919, Sep Average, Croatia, HRV
8.88829, 1919, Oct Average, Croatia, HRV
4.08754, 1919, Nov Average, Croatia, HRV
1.98882, 1919, Dec Average, Croatia, HRV
3.07893, 1920, Jan Average, Croatia, HRV
3.60211, 1920, Feb Average, Croatia, HRV
7.85441, 1920, Mar Average, Croatia, HRV
12.1393, 1920, Apr Average, Croatia, HRV
16.8843, 1920, May Average, Croatia, HRV
16.6855, 1920, Jun Average, Croatia, HRV
20.4864, 1920, Jul Average, Croatia, HRV
18.0571, 1920, Aug Average, Croatia, HRV
16.4496, 1920, Sep Average, Croatia, HRV
8.87246, 1920, Oct Average, Croatia, HRV
2.30074, 1920, Nov Average, Croatia, HRV
2.20119, 1920, Dec Average, Croatia, HRV
3.8033, 1921, Jan Average, Croatia, HRV
1.76731, 1921, Feb Average, Croatia, HRV
6.98812, 1921, Mar Average, Croatia, HRV
8.85772, 1921, Apr Average, Croatia, HRV
15.9159, 1921, May Average, Croatia, HRV
16.7033, 1921, Jun Average, Croatia, HRV
21.3313, 1921, Jul Average, Croatia, HRV
20.6033, 1921, Aug Average, Croatia, HRV
16.0017, 1921, Sep Average, Croatia, HRV
12.1248, 1921, Oct Average, Croatia, HRV
3.22169, 1921, Nov Average, Croatia, HRV
0.45648, 1921, Dec Average, Croatia, HRV
-1.369, 1922, Jan Average, Croatia, HRV
-0.7348, 1922, Feb Average, Croatia, HRV
7.2634, 1922, Mar Average, Croatia, HRV
8.81523, 1922, Apr Average, Croatia, HRV
15.1829, 1922, May Average, Croatia, HRV
18.5399, 1922, Jun Average, Croatia, HRV
19.9454, 1922, Jul Average, Croatia, HRV
20.1471, 1922, Aug Average, Croatia, HRV
14.4578, 1922, Sep Average, Croatia, HRV
8.81217, 1922, Oct Average, Croatia, HRV
3.39268, 1922, Nov Average, Croatia, HRV
2.13669, 1922, Dec Average, Croatia, HRV
1.19374, 1923, Jan Average, Croatia, HRV
2.00759, 1923, Feb Average, Croatia, HRV
6.16376, 1923, Mar Average, Croatia, HRV
9.06056, 1923, Apr Average, Croatia, HRV
15.8401, 1923, May Average, Croatia, HRV
14.8169, 1923, Jun Average, Croatia, HRV
20.7335, 1923, Jul Average, Croatia, HRV
20.1655, 1923, Aug Average, Croatia, HRV
15.8446, 1923, Sep Average, Croatia, HRV
13.5189, 1923, Oct Average, Croatia, HRV
7.33918, 1923, Nov Average, Croatia, HRV
1.26978, 1923, Dec Average, Croatia, HRV
-2.0616, 1924, Jan Average, Croatia, HRV
-0.4162, 1924, Feb Average, Croatia, HRV
4.31971, 1924, Mar Average, Croatia, HRV
9.56378, 1924, Apr Average, Croatia, HRV
16.2526, 1924, May Average, Croatia, HRV
17.8575, 1924, Jun Average, Croatia, HRV
19.5031, 1924, Jul Average, Croatia, HRV
17.1956, 1924, Aug Average, Croatia, HRV
16.934, 1924, Sep Average, Croatia, HRV
10.9019, 1924, Oct Average, Croatia, HRV
4.6178, 1924, Nov Average, Croatia, HRV
1.46114, 1924, Dec Average, Croatia, HRV
1.06687, 1925, Jan Average, Croatia, HRV
5.03102, 1925, Feb Average, Croatia, HRV
4.09428, 1925, Mar Average, Croatia, HRV
10.2577, 1925, Apr Average, Croatia, HRV
15.2078, 1925, May Average, Croatia, HRV
16.9109, 1925, Jun Average, Croatia, HRV
19.5667, 1925, Jul Average, Croatia, HRV
19.0901, 1925, Aug Average, Croatia, HRV
14.0575, 1925, Sep Average, Croatia, HRV
10.9817, 1925, Oct Average, Croatia, HRV
5.61117, 1925, Nov Average, Croatia, HRV
-0.7306, 1925, Dec Average, Croatia, HRV
-0.3355, 1926, Jan Average, Croatia, HRV
5.51254, 1926, Feb Average, Croatia, HRV
5.33064, 1926, Mar Average, Croatia, HRV
11.1885, 1926, Apr Average, Croatia, HRV
13.4358, 1926, May Average, Croatia, HRV
15.9966, 1926, Jun Average, Croatia, HRV
18.3705, 1926, Jul Average, Croatia, HRV
18.1799, 1926, Aug Average, Croatia, HRV
17.2759, 1926, Sep Average, Croatia, HRV
12.0307, 1926, Oct Average, Croatia, HRV
10.9959, 1926, Nov Average, Croatia, HRV
1.50415, 1926, Dec Average, Croatia, HRV
1.68409, 1927, Jan Average, Croatia, HRV
0.70338, 1927, Feb Average, Croatia, HRV
7.62342, 1927, Mar Average, Croatia, HRV
10.1908, 1927, Apr Average, Croatia, HRV
14.1948, 1927, May Average, Croatia, HRV
19.3396, 1927, Jun Average, Croatia, HRV
21.156, 1927, Jul Average, Croatia, HRV
20.3467, 1927, Aug Average, Croatia, HRV
16.8897, 1927, Sep Average, Croatia, HRV
10.7913, 1927, Oct Average, Croatia, HRV
6.91826, 1927, Nov Average, Croatia, HRV
-0.34, 1927, Dec Average, Croatia, HRV
0.35079, 1928, Jan Average, Croatia, HRV
2.17152, 1928, Feb Average, Croatia, HRV
4.19431, 1928, Mar Average, Croatia, HRV
10.642, 1928, Apr Average, Croatia, HRV
11.9442, 1928, May Average, Croatia, HRV
17.6242, 1928, Jun Average, Croatia, HRV
22.8735, 1928, Jul Average, Croatia, HRV
21.2635, 1928, Aug Average, Croatia, HRV
16.2743, 1928, Sep Average, Croatia, HRV
11.1125, 1928, Oct Average, Croatia, HRV
7.50887, 1928, Nov Average, Croatia, HRV
0.52971, 1928, Dec Average, Croatia, HRV
-3.9558, 1929, Jan Average, Croatia, HRV
-3.8795, 1929, Feb Average, Croatia, HRV
3.65053, 1929, Mar Average, Croatia, HRV
7.26836, 1929, Apr Average, Croatia, HRV
15.7111, 1929, May Average, Croatia, HRV
18.034, 1929, Jun Average, Croatia, HRV
20.7208, 1929, Jul Average, Croatia, HRV
20.6464, 1929, Aug Average, Croatia, HRV
16.7376, 1929, Sep Average, Croatia, HRV
11.8874, 1929, Oct Average, Croatia, HRV
7.27973, 1929, Nov Average, Croatia, HRV
3.23454, 1929, Dec Average, Croatia, HRV
1.26557, 1930, Jan Average, Croatia, HRV
1.33617, 1930, Feb Average, Croatia, HRV
7.274, 1930, Mar Average, Croatia, HRV
10.78, 1930, Apr Average, Croatia, HRV
13.7813, 1930, May Average, Croatia, HRV
19.7317, 1930, Jun Average, Croatia, HRV
19.7317, 1930, Jul Average, Croatia, HRV
19.0409, 1930, Aug Average, Croatia, HRV
17.0852, 1930, Sep Average, Croatia, HRV
10.6805, 1930, Oct Average, Croatia, HRV
8.05231, 1930, Nov Average, Croatia, HRV
1.96763, 1930, Dec Average, Croatia, HRV
0.82192, 1931, Jan Average, Croatia, HRV
1.36209, 1931, Feb Average, Croatia, HRV
2.77924, 1931, Mar Average, Croatia, HRV
8.12572, 1931, Apr Average, Croatia, HRV
16.4863, 1931, May Average, Croatia, HRV
19.8797, 1931, Jun Average, Croatia, HRV
21.1551, 1931, Jul Average, Croatia, HRV
19.3227, 1931, Aug Average, Croatia, HRV
12.4434, 1931, Sep Average, Croatia, HRV
9.92644, 1931, Oct Average, Croatia, HRV
5.82036, 1931, Nov Average, Croatia, HRV
-0.2205, 1931, Dec Average, Croatia, HRV
0.05568, 1932, Jan Average, Croatia, HRV
-3.0174, 1932, Feb Average, Croatia, HRV
1.69865, 1932, Mar Average, Croatia, HRV
9.01162, 1932, Apr Average, Croatia, HRV
14.7316, 1932, May Average, Croatia, HRV
16.8638, 1932, Jun Average, Croatia, HRV
21.0313, 1932, Jul Average, Croatia, HRV
21.7871, 1932, Aug Average, Croatia, HRV
19.5086, 1932, Sep Average, Croatia, HRV
11.7644, 1932, Oct Average, Croatia, HRV
6.3227, 1932, Nov Average, Croatia, HRV
2.43587, 1932, Dec Average, Croatia, HRV
-1.6895, 1933, Jan Average, Croatia, HRV
1.18804, 1933, Feb Average, Croatia, HRV
5.78133, 1933, Mar Average, Croatia, HRV
8.82819, 1933, Apr Average, Croatia, HRV
12.8345, 1933, May Average, Croatia, HRV
15.1886, 1933, Jun Average, Croatia, HRV
19.8943, 1933, Jul Average, Croatia, HRV
19.7664, 1933, Aug Average, Croatia, HRV
15.4745, 1933, Sep Average, Croatia, HRV
11.0839, 1933, Oct Average, Croatia, HRV
5.64436, 1933, Nov Average, Croatia, HRV
-2.268, 1933, Dec Average, Croatia, HRV
-0.2174, 1934, Jan Average, Croatia, HRV
1.6577, 1934, Feb Average, Croatia, HRV
7.64466, 1934, Mar Average, Croatia, HRV
12.4938, 1934, Apr Average, Croatia, HRV
16.1244, 1934, May Average, Croatia, HRV
17.3206, 1934, Jun Average, Croatia, HRV
20.425, 1934, Jul Average, Croatia, HRV
19.3489, 1934, Aug Average, Croatia, HRV
17.2221, 1934, Sep Average, Croatia, HRV
10.8209, 1934, Oct Average, Croatia, HRV
6.85633, 1934, Nov Average, Croatia, HRV
5.42599, 1934, Dec Average, Croatia, HRV
-2.3073, 1935, Jan Average, Croatia, HRV
1.47209, 1935, Feb Average, Croatia, HRV
4.16882, 1935, Mar Average, Croatia, HRV
9.50911, 1935, Apr Average, Croatia, HRV
12.8416, 1935, May Average, Croatia, HRV
19.9874, 1935, Jun Average, Croatia, HRV
20.3774, 1935, Jul Average, Croatia, HRV
19.2083, 1935, Aug Average, Croatia, HRV
15.9971, 1935, Sep Average, Croatia, HRV
12.8119, 1935, Oct Average, Croatia, HRV
6.4025, 1935, Nov Average, Croatia, HRV
1.78648, 1935, Dec Average, Croatia, HRV
4.26919, 1936, Jan Average, Croatia, HRV
2.62322, 1936, Feb Average, Croatia, HRV
7.83407, 1936, Mar Average, Croatia, HRV
10.3645, 1936, Apr Average, Croatia, HRV
14.9426, 1936, May Average, Croatia, HRV
17.5202, 1936, Jun Average, Croatia, HRV
20.95, 1936, Jul Average, Croatia, HRV
18.7818, 1936, Aug Average, Croatia, HRV
15.6942, 1936, Sep Average, Croatia, HRV
7.20172, 1936, Oct Average, Croatia, HRV
5.41447, 1936, Nov Average, Croatia, HRV
1.49976, 1936, Dec Average, Croatia, HRV
-1.1335, 1937, Jan Average, Croatia, HRV
3.22711, 1937, Feb Average, Croatia, HRV
6.66351, 1937, Mar Average, Croatia, HRV
9.20064, 1937, Apr Average, Croatia, HRV
16.0591, 1937, May Average, Croatia, HRV
19.1654, 1937, Jun Average, Croatia, HRV
19.947, 1937, Jul Average, Croatia, HRV
19, 1937, Aug Average, Croatia, HRV
15.8536, 1937, Sep Average, Croatia, HRV
11.4044, 1937, Oct Average, Croatia, HRV
5.42963, 1937, Nov Average, Croatia, HRV
1.04473, 1937, Dec Average, Croatia, HRV
-0.4697, 1938, Jan Average, Croatia, HRV
1.09901, 1938, Feb Average, Croatia, HRV
7.81018, 1938, Mar Average, Croatia, HRV
6.87199, 1938, Apr Average, Croatia, HRV
13.0631, 1938, May Average, Croatia, HRV
19.9319, 1938, Jun Average, Croatia, HRV
20.4801, 1938, Jul Average, Croatia, HRV
19.3377, 1938, Aug Average, Croatia, HRV
15.2969, 1938, Sep Average, Croatia, HRV
12.0418, 1938, Oct Average, Croatia, HRV
7.31048, 1938, Nov Average, Croatia, HRV
0.12532, 1938, Dec Average, Croatia, HRV
2.34263, 1939, Jan Average, Croatia, HRV
3.35942, 1939, Feb Average, Croatia, HRV
2.89726, 1939, Mar Average, Croatia, HRV
12.41, 1939, Apr Average, Croatia, HRV
12.7709, 1939, May Average, Croatia, HRV
18.0294, 1939, Jun Average, Croatia, HRV
20.5593, 1939, Jul Average, Croatia, HRV
20.0198, 1939, Aug Average, Croatia, HRV
15.5398, 1939, Sep Average, Croatia, HRV
10.1792, 1939, Oct Average, Croatia, HRV
6.66188, 1939, Nov Average, Croatia, HRV
-0.079, 1939, Dec Average, Croatia, HRV
-5.4037, 1940, Jan Average, Croatia, HRV
-1.9219, 1940, Feb Average, Croatia, HRV
3.86932, 1940, Mar Average, Croatia, HRV
9.92399, 1940, Apr Average, Croatia, HRV
13.1666, 1940, May Average, Croatia, HRV
17.425, 1940, Jun Average, Croatia, HRV
18.9053, 1940, Jul Average, Croatia, HRV
17.0422, 1940, Aug Average, Croatia, HRV
15.8491, 1940, Sep Average, Croatia, HRV
10.8179, 1940, Oct Average, Croatia, HRV
7.84601, 1940, Nov Average, Croatia, HRV
-3.1158, 1940, Dec Average, Croatia, HRV
-1.7792, 1941, Jan Average, Croatia, HRV
2.10186, 1941, Feb Average, Croatia, HRV
5.92104, 1941, Mar Average, Croatia, HRV
9.01111, 1941, Apr Average, Croatia, HRV
11.8635, 1941, May Average, Croatia, HRV
17.8947, 1941, Jun Average, Croatia, HRV
19.718, 1941, Jul Average, Croatia, HRV
18.5081, 1941, Aug Average, Croatia, HRV
14.0182, 1941, Sep Average, Croatia, HRV
9.75901, 1941, Oct Average, Croatia, HRV
2.97678, 1941, Nov Average, Croatia, HRV
0.96071, 1941, Dec Average, Croatia, HRV
-6.8256, 1942, Jan Average, Croatia, HRV
-1.946, 1942, Feb Average, Croatia, HRV
4.04576, 1942, Mar Average, Croatia, HRV
8.72102, 1942, Apr Average, Croatia, HRV
15.0344, 1942, May Average, Croatia, HRV
18.1778, 1942, Jun Average, Croatia, HRV
19.5498, 1942, Jul Average, Croatia, HRV
20.1313, 1942, Aug Average, Croatia, HRV
19.5644, 1942, Sep Average, Croatia, HRV
13.287, 1942, Oct Average, Croatia, HRV
5.16919, 1942, Nov Average, Croatia, HRV
3.32607, 1942, Dec Average, Croatia, HRV
-2.8074, 1943, Jan Average, Croatia, HRV
4.06667, 1943, Feb Average, Croatia, HRV
6.83017, 1943, Mar Average, Croatia, HRV
11.3597, 1943, Apr Average, Croatia, HRV
14.0911, 1943, May Average, Croatia, HRV
16.6872, 1943, Jun Average, Croatia, HRV
20.082, 1943, Jul Average, Croatia, HRV
21.9441, 1943, Aug Average, Croatia, HRV
18.014, 1943, Sep Average, Croatia, HRV
12.9744, 1943, Oct Average, Croatia, HRV
4.70477, 1943, Nov Average, Croatia, HRV
2.70337, 1943, Dec Average, Croatia, HRV
2.27392, 1944, Jan Average, Croatia, HRV
0.12727, 1944, Feb Average, Croatia, HRV
2.46148, 1944, Mar Average, Croatia, HRV
10.8246, 1944, Apr Average, Croatia, HRV
13.5978, 1944, May Average, Croatia, HRV
16.9178, 1944, Jun Average, Croatia, HRV
19.6215, 1944, Jul Average, Croatia, HRV
21.8382, 1944, Aug Average, Croatia, HRV
15.5764, 1944, Sep Average, Croatia, HRV
11.4671, 1944, Oct Average, Croatia, HRV
5.22269, 1944, Nov Average, Croatia, HRV
0.44051, 1944, Dec Average, Croatia, HRV
-3.6416, 1945, Jan Average, Croatia, HRV
2.76066, 1945, Feb Average, Croatia, HRV
6.91798, 1945, Mar Average, Croatia, HRV
10.8804, 1945, Apr Average, Croatia, HRV
16.7925, 1945, May Average, Croatia, HRV
19.6747, 1945, Jun Average, Croatia, HRV
21.52, 1945, Jul Average, Croatia, HRV
19.8389, 1945, Aug Average, Croatia, HRV
16.3829, 1945, Sep Average, Croatia, HRV
10.6044, 1945, Oct Average, Croatia, HRV
5.28611, 1945, Nov Average, Croatia, HRV
2.04326, 1945, Dec Average, Croatia, HRV
-1.7212, 1946, Jan Average, Croatia, HRV
3.16481, 1946, Feb Average, Croatia, HRV
6.81753, 1946, Mar Average, Croatia, HRV
12.4314, 1946, Apr Average, Croatia, HRV
16.5731, 1946, May Average, Croatia, HRV
18.9173, 1946, Jun Average, Croatia, HRV
21.818, 1946, Jul Average, Croatia, HRV
21.7465, 1946, Aug Average, Croatia, HRV
18.4497, 1946, Sep Average, Croatia, HRV
8.67679, 1946, Oct Average, Croatia, HRV
6.07959, 1946, Nov Average, Croatia, HRV
-0.7547, 1946, Dec Average, Croatia, HRV
-5.0635, 1947, Jan Average, Croatia, HRV
-0.3148, 1947, Feb Average, Croatia, HRV
6.77106, 1947, Mar Average, Croatia, HRV
12.5855, 1947, Apr Average, Croatia, HRV
15.8871, 1947, May Average, Croatia, HRV
19.4693, 1947, Jun Average, Croatia, HRV
21.4588, 1947, Jul Average, Croatia, HRV
20.5628, 1947, Aug Average, Croatia, HRV
19.0316, 1947, Sep Average, Croatia, HRV
10.1309, 1947, Oct Average, Croatia, HRV
7.44942, 1947, Nov Average, Croatia, HRV
2.2008, 1947, Dec Average, Croatia, HRV
3.73405, 1948, Jan Average, Croatia, HRV
1.0707, 1948, Feb Average, Croatia, HRV
6.90542, 1948, Mar Average, Croatia, HRV
11.3083, 1948, Apr Average, Croatia, HRV
15.9001, 1948, May Average, Croatia, HRV
16.8639, 1948, Jun Average, Croatia, HRV
18.08, 1948, Jul Average, Croatia, HRV
20.0052, 1948, Aug Average, Croatia, HRV
16.7572, 1948, Sep Average, Croatia, HRV
11.9374, 1948, Oct Average, Croatia, HRV
5.98613, 1948, Nov Average, Croatia, HRV
0.13045, 1948, Dec Average, Croatia, HRV
2.2301, 1949, Jan Average, Croatia, HRV
2.72736, 1949, Feb Average, Croatia, HRV
3.17996, 1949, Mar Average, Croatia, HRV
12.2882, 1949, Apr Average, Croatia, HRV
14.7852, 1949, May Average, Croatia, HRV
16.4914, 1949, Jun Average, Croatia, HRV
19.7978, 1949, Jul Average, Croatia, HRV
18.9106, 1949, Aug Average, Croatia, HRV
17.5802, 1949, Sep Average, Croatia, HRV
12.3695, 1949, Oct Average, Croatia, HRV
7.0337, 1949, Nov Average, Croatia, HRV
3.02511, 1949, Dec Average, Croatia, HRV
-1.7339, 1950, Jan Average, Croatia, HRV
3.07267, 1950, Feb Average, Croatia, HRV
7.43986, 1950, Mar Average, Croatia, HRV
10.4442, 1950, Apr Average, Croatia, HRV
16.5864, 1950, May Average, Croatia, HRV
20.2262, 1950, Jun Average, Croatia, HRV
22.6901, 1950, Jul Average, Croatia, HRV
21.4101, 1950, Aug Average, Croatia, HRV
16.7474, 1950, Sep Average, Croatia, HRV
10.2241, 1950, Oct Average, Croatia, HRV
6.24579, 1950, Nov Average, Croatia, HRV
2.53662, 1950, Dec Average, Croatia, HRV
2.73875, 1951, Jan Average, Croatia, HRV
4.56296, 1951, Feb Average, Croatia, HRV
5.57906, 1951, Mar Average, Croatia, HRV
10.1737, 1951, Apr Average, Croatia, HRV
14.4898, 1951, May Average, Croatia, HRV
18.5302, 1951, Jun Average, Croatia, HRV
19.785, 1951, Jul Average, Croatia, HRV
20.9436, 1951, Aug Average, Croatia, HRV
17.9545, 1951, Sep Average, Croatia, HRV
9.90526, 1951, Oct Average, Croatia, HRV
8.41384, 1951, Nov Average, Croatia, HRV
2.8651, 1951, Dec Average, Croatia, HRV
-0.0009, 1952, Jan Average, Croatia, HRV
0.35515, 1952, Feb Average, Croatia, HRV
4.03527, 1952, Mar Average, Croatia, HRV
12.9664, 1952, Apr Average, Croatia, HRV
14.212, 1952, May Average, Croatia, HRV
19.053, 1952, Jun Average, Croatia, HRV
22.3955, 1952, Jul Average, Croatia, HRV
22.2267, 1952, Aug Average, Croatia, HRV
15.2351, 1952, Sep Average, Croatia, HRV
10.741, 1952, Oct Average, Croatia, HRV
4.92716, 1952, Nov Average, Croatia, HRV
1.69047, 1952, Dec Average, Croatia, HRV
-0.0685, 1953, Jan Average, Croatia, HRV
0.83245, 1953, Feb Average, Croatia, HRV
5.30421, 1953, Mar Average, Croatia, HRV
11.2613, 1953, Apr Average, Croatia, HRV
14.2522, 1953, May Average, Croatia, HRV
18.1363, 1953, Jun Average, Croatia, HRV
20.9251, 1953, Jul Average, Croatia, HRV
18.9397, 1953, Aug Average, Croatia, HRV
17.0239, 1953, Sep Average, Croatia, HRV
13.005, 1953, Oct Average, Croatia, HRV
4.64816, 1953, Nov Average, Croatia, HRV
1.77271, 1953, Dec Average, Croatia, HRV
-4.1903, 1954, Jan Average, Croatia, HRV
-3.3889, 1954, Feb Average, Croatia, HRV
6.57319, 1954, Mar Average, Croatia, HRV
8.41191, 1954, Apr Average, Croatia, HRV
13.4718, 1954, May Average, Croatia, HRV
19.3142, 1954, Jun Average, Croatia, HRV
18.4849, 1954, Jul Average, Croatia, HRV
19.2569, 1954, Aug Average, Croatia, HRV
17.3699, 1954, Sep Average, Croatia, HRV
10.549, 1954, Oct Average, Croatia, HRV
5.42876, 1954, Nov Average, Croatia, HRV
3.91245, 1954, Dec Average, Croatia, HRV
1.43515, 1955, Jan Average, Croatia, HRV
2.64259, 1955, Feb Average, Croatia, HRV
3.30715, 1955, Mar Average, Croatia, HRV
8.12208, 1955, Apr Average, Croatia, HRV
13.5647, 1955, May Average, Croatia, HRV
17.3426, 1955, Jun Average, Croatia, HRV
19.4836, 1955, Jul Average, Croatia, HRV
18.4052, 1955, Aug Average, Croatia, HRV
15.8841, 1955, Sep Average, Croatia, HRV
10.8472, 1955, Oct Average, Croatia, HRV
5.04026, 1955, Nov Average, Croatia, HRV
3.75401, 1955, Dec Average, Croatia, HRV
2.1164, 1956, Jan Average, Croatia, HRV
-5.7747, 1956, Feb Average, Croatia, HRV
2.48001, 1956, Mar Average, Croatia, HRV
9.31324, 1956, Apr Average, Croatia, HRV
14.6379, 1956, May Average, Croatia, HRV
16.5979, 1956, Jun Average, Croatia, HRV
20.4427, 1956, Jul Average, Croatia, HRV
20.2498, 1956, Aug Average, Croatia, HRV
17.2684, 1956, Sep Average, Croatia, HRV
10.5366, 1956, Oct Average, Croatia, HRV
3.4079, 1956, Nov Average, Croatia, HRV
0.7054, 1956, Dec Average, Croatia, HRV
-1.3515, 1957, Jan Average, Croatia, HRV
4.76312, 1957, Feb Average, Croatia, HRV
7.37317, 1957, Mar Average, Croatia, HRV
10.1384, 1957, Apr Average, Croatia, HRV
12.1399, 1957, May Average, Croatia, HRV
20.0953, 1957, Jun Average, Croatia, HRV
20.4658, 1957, Jul Average, Croatia, HRV
18.9925, 1957, Aug Average, Croatia, HRV
15.4348, 1957, Sep Average, Croatia, HRV
11.0189, 1957, Oct Average, Croatia, HRV
7.0348, 1957, Nov Average, Croatia, HRV
1.84518, 1957, Dec Average, Croatia, HRV
0.00654, 1958, Jan Average, Croatia, HRV
4.25363, 1958, Feb Average, Croatia, HRV
2.06918, 1958, Mar Average, Croatia, HRV
7.9483, 1958, Apr Average, Croatia, HRV
17.9456, 1958, May Average, Croatia, HRV
17.4981, 1958, Jun Average, Croatia, HRV
20.9419, 1958, Jul Average, Croatia, HRV
20.7743, 1958, Aug Average, Croatia, HRV
16.4545, 1958, Sep Average, Croatia, HRV
11.6351, 1958, Oct Average, Croatia, HRV
7.13334, 1958, Nov Average, Croatia, HRV
4.27175, 1958, Dec Average, Croatia, HRV
0.74817, 1959, Jan Average, Croatia, HRV
0.64923, 1959, Feb Average, Croatia, HRV
8.22878, 1959, Mar Average, Croatia, HRV
10.6855, 1959, Apr Average, Croatia, HRV
14.301, 1959, May Average, Croatia, HRV
17.215, 1959, Jun Average, Croatia, HRV
20.7582, 1959, Jul Average, Croatia, HRV
18.9368, 1959, Aug Average, Croatia, HRV
14.7176, 1959, Sep Average, Croatia, HRV
9.74441, 1959, Oct Average, Croatia, HRV
6.37198, 1959, Nov Average, Croatia, HRV
4.69979, 1959, Dec Average, Croatia, HRV
-0.2511, 1960, Jan Average, Croatia, HRV
1.87824, 1960, Feb Average, Croatia, HRV
6.10731, 1960, Mar Average, Croatia, HRV
10.0067, 1960, Apr Average, Croatia, HRV
13.881, 1960, May Average, Croatia, HRV
18.4565, 1960, Jun Average, Croatia, HRV
18.1579, 1960, Jul Average, Croatia, HRV
19.7251, 1960, Aug Average, Croatia, HRV
15.4882, 1960, Sep Average, Croatia, HRV
12.4483, 1960, Oct Average, Croatia, HRV
7.95784, 1960, Nov Average, Croatia, HRV
4.48468, 1960, Dec Average, Croatia, HRV
-0.1681, 1961, Jan Average, Croatia, HRV
3.57501, 1961, Feb Average, Croatia, HRV
8.04422, 1961, Mar Average, Croatia, HRV
13.1287, 1961, Apr Average, Croatia, HRV
13.3653, 1961, May Average, Croatia, HRV
18.6834, 1961, Jun Average, Croatia, HRV
18.8038, 1961, Jul Average, Croatia, HRV
19.6766, 1961, Aug Average, Croatia, HRV
18.0615, 1961, Sep Average, Croatia, HRV
12.8443, 1961, Oct Average, Croatia, HRV
6.97331, 1961, Nov Average, Croatia, HRV
0.82107, 1961, Dec Average, Croatia, HRV
1.04757, 1962, Jan Average, Croatia, HRV
0.9508, 1962, Feb Average, Croatia, HRV
2.49657, 1962, Mar Average, Croatia, HRV
10.4863, 1962, Apr Average, Croatia, HRV
13.8339, 1962, May Average, Croatia, HRV
16.4828, 1962, Jun Average, Croatia, HRV
18.801, 1962, Jul Average, Croatia, HRV
21.5638, 1962, Aug Average, Croatia, HRV
15.824, 1962, Sep Average, Croatia, HRV
11.7567, 1962, Oct Average, Croatia, HRV
5.77373, 1962, Nov Average, Croatia, HRV
-1.7052, 1962, Dec Average, Croatia, HRV
-4.6048, 1963, Jan Average, Croatia, HRV
-2.1889, 1963, Feb Average, Croatia, HRV
3.91815, 1963, Mar Average, Croatia, HRV
11.1141, 1963, Apr Average, Croatia, HRV
14.6395, 1963, May Average, Croatia, HRV
18.8755, 1963, Jun Average, Croatia, HRV
21.2938, 1963, Jul Average, Croatia, HRV
20.3207, 1963, Aug Average, Croatia, HRV
17.0783, 1963, Sep Average, Croatia, HRV
10.8734, 1963, Oct Average, Croatia, HRV
10.1917, 1963, Nov Average, Croatia, HRV
-1.4719, 1963, Dec Average, Croatia, HRV
-4.3877, 1964, Jan Average, Croatia, HRV
1.17807, 1964, Feb Average, Croatia, HRV
4.08475, 1964, Mar Average, Croatia, HRV
10.7916, 1964, Apr Average, Croatia, HRV
14.4266, 1964, May Average, Croatia, HRV
19.8799, 1964, Jun Average, Croatia, HRV
19.9439, 1964, Jul Average, Croatia, HRV
18.6695, 1964, Aug Average, Croatia, HRV
15.7368, 1964, Sep Average, Croatia, HRV
10.9102, 1964, Oct Average, Croatia, HRV
7.44919, 1964, Nov Average, Croatia, HRV
1.77462, 1964, Dec Average, Croatia, HRV
1.41796, 1965, Jan Average, Croatia, HRV
-1.7703, 1965, Feb Average, Croatia, HRV
5.85337, 1965, Mar Average, Croatia, HRV
8.63487, 1965, Apr Average, Croatia, HRV
13.221, 1965, May Average, Croatia, HRV
17.9642, 1965, Jun Average, Croatia, HRV
19.7671, 1965, Jul Average, Croatia, HRV
18.0643, 1965, Aug Average, Croatia, HRV
16.1289, 1965, Sep Average, Croatia, HRV
10.6019, 1965, Oct Average, Croatia, HRV
5.04076, 1965, Nov Average, Croatia, HRV
3.11757, 1965, Dec Average, Croatia, HRV
-2.3549, 1966, Jan Average, Croatia, HRV
6.70057, 1966, Feb Average, Croatia, HRV
5.03969, 1966, Mar Average, Croatia, HRV
11.9087, 1966, Apr Average, Croatia, HRV
14.5885, 1966, May Average, Croatia, HRV
18.4562, 1966, Jun Average, Croatia, HRV
18.9265, 1966, Jul Average, Croatia, HRV
18.9083, 1966, Aug Average, Croatia, HRV
16.6025, 1966, Sep Average, Croatia, HRV
14.5374, 1966, Oct Average, Croatia, HRV
4.88995, 1966, Nov Average, Croatia, HRV
2.03313, 1966, Dec Average, Croatia, HRV
-1.3774, 1967, Jan Average, Croatia, HRV
2.33744, 1967, Feb Average, Croatia, HRV
6.93354, 1967, Mar Average, Croatia, HRV
9.2999, 1967, Apr Average, Croatia, HRV
15.0709, 1967, May Average, Croatia, HRV
17.1848, 1967, Jun Average, Croatia, HRV
21.3058, 1967, Jul Average, Croatia, HRV
20.122, 1967, Aug Average, Croatia, HRV
17.0738, 1967, Sep Average, Croatia, HRV
12.7758, 1967, Oct Average, Croatia, HRV
6.76532, 1967, Nov Average, Croatia, HRV
0.68218, 1967, Dec Average, Croatia, HRV
-1.5465, 1968, Jan Average, Croatia, HRV
3.51526, 1968, Feb Average, Croatia, HRV
6.23706, 1968, Mar Average, Croatia, HRV
12.2772, 1968, Apr Average, Croatia, HRV
15.5356, 1968, May Average, Croatia, HRV
18.1705, 1968, Jun Average, Croatia, HRV
19.8086, 1968, Jul Average, Croatia, HRV
18.0597, 1968, Aug Average, Croatia, HRV
15.534, 1968, Sep Average, Croatia, HRV
11.6785, 1968, Oct Average, Croatia, HRV
6.98461, 1968, Nov Average, Croatia, HRV
-0.5366, 1968, Dec Average, Croatia, HRV
-0.9109, 1969, Jan Average, Croatia, HRV
0.60624, 1969, Feb Average, Croatia, HRV
4.24758, 1969, Mar Average, Croatia, HRV
9.55351, 1969, Apr Average, Croatia, HRV
16.6189, 1969, May Average, Croatia, HRV
16.82, 1969, Jun Average, Croatia, HRV
19.4733, 1969, Jul Average, Croatia, HRV
18.4076, 1969, Aug Average, Croatia, HRV
16.4662, 1969, Sep Average, Croatia, HRV
11.1359, 1969, Oct Average, Croatia, HRV
8.44262, 1969, Nov Average, Croatia, HRV
-1.6062, 1969, Dec Average, Croatia, HRV
0.45989, 1970, Jan Average, Croatia, HRV
1.18426, 1970, Feb Average, Croatia, HRV
4.27683, 1970, Mar Average, Croatia, HRV
9.12093, 1970, Apr Average, Croatia, HRV
12.4477, 1970, May Average, Croatia, HRV
18.7987, 1970, Jun Average, Croatia, HRV
19.4113, 1970, Jul Average, Croatia, HRV
19.7231, 1970, Aug Average, Croatia, HRV
16.1823, 1970, Sep Average, Croatia, HRV
10.1016, 1970, Oct Average, Croatia, HRV
8.00586, 1970, Nov Average, Croatia, HRV
1.34483, 1970, Dec Average, Croatia, HRV
0.49197, 1971, Jan Average, Croatia, HRV
2.88457, 1971, Feb Average, Croatia, HRV
2.71053, 1971, Mar Average, Croatia, HRV
10.9846, 1971, Apr Average, Croatia, HRV
16.0268, 1971, May Average, Croatia, HRV
17.3393, 1971, Jun Average, Croatia, HRV
20.354, 1971, Jul Average, Croatia, HRV
21.2804, 1971, Aug Average, Croatia, HRV
13.8139, 1971, Sep Average, Croatia, HRV
10.0444, 1971, Oct Average, Croatia, HRV
5.56714, 1971, Nov Average, Croatia, HRV
2.15644, 1971, Dec Average, Croatia, HRV
-0.0919, 1972, Jan Average, Croatia, HRV
4.11294, 1972, Feb Average, Croatia, HRV
8.01242, 1972, Mar Average, Croatia, HRV
10.5188, 1972, Apr Average, Croatia, HRV
14.1508, 1972, May Average, Croatia, HRV
18.6995, 1972, Jun Average, Croatia, HRV
19.965, 1972, Jul Average, Croatia, HRV
18.7773, 1972, Aug Average, Croatia, HRV
13.2011, 1972, Sep Average, Croatia, HRV
9.09686, 1972, Oct Average, Croatia, HRV
5.96581, 1972, Nov Average, Croatia, HRV
1.63167, 1972, Dec Average, Croatia, HRV
0.44788, 1973, Jan Average, Croatia, HRV
2.26874, 1973, Feb Average, Croatia, HRV
4.8914, 1973, Mar Average, Croatia, HRV
8.14622, 1973, Apr Average, Croatia, HRV
15.3333, 1973, May Average, Croatia, HRV
18.0848, 1973, Jun Average, Croatia, HRV
19.9736, 1973, Jul Average, Croatia, HRV
19.986, 1973, Aug Average, Croatia, HRV
17.0939, 1973, Sep Average, Croatia, HRV
10.1914, 1973, Oct Average, Croatia, HRV
3.99315, 1973, Nov Average, Croatia, HRV
1.27493, 1973, Dec Average, Croatia, HRV
2.10972, 1974, Jan Average, Croatia, HRV
5.46968, 1974, Feb Average, Croatia, HRV
7.4371, 1974, Mar Average, Croatia, HRV
9.23263, 1974, Apr Average, Croatia, HRV
13.3678, 1974, May Average, Croatia, HRV
16.5478, 1974, Jun Average, Croatia, HRV
19.439, 1974, Jul Average, Croatia, HRV
20.9729, 1974, Aug Average, Croatia, HRV
16.1429, 1974, Sep Average, Croatia, HRV
7.721, 1974, Oct Average, Croatia, HRV
6.05051, 1974, Nov Average, Croatia, HRV
3.18324, 1974, Dec Average, Croatia, HRV
3.19156, 1975, Jan Average, Croatia, HRV
1.97227, 1975, Feb Average, Croatia, HRV
6.96287, 1975, Mar Average, Croatia, HRV
9.97261, 1975, Apr Average, Croatia, HRV
15.6435, 1975, May Average, Croatia, HRV
16.9548, 1975, Jun Average, Croatia, HRV
19.8662, 1975, Jul Average, Croatia, HRV
19.106, 1975, Aug Average, Croatia, HRV
18.2051, 1975, Sep Average, Croatia, HRV
10.6696, 1975, Oct Average, Croatia, HRV
4.85925, 1975, Nov Average, Croatia, HRV
1.93047, 1975, Dec Average, Croatia, HRV
1.0279, 1976, Jan Average, Croatia, HRV
1.44795, 1976, Feb Average, Croatia, HRV
3.06571, 1976, Mar Average, Croatia, HRV
10.048, 1976, Apr Average, Croatia, HRV
14.4809, 1976, May Average, Croatia, HRV
17.7214, 1976, Jun Average, Croatia, HRV
20.3423, 1976, Jul Average, Croatia, HRV
16.6906, 1976, Aug Average, Croatia, HRV
14.5957, 1976, Sep Average, Croatia, HRV
11.7601, 1976, Oct Average, Croatia, HRV
7.19756, 1976, Nov Average, Croatia, HRV
1.52239, 1976, Dec Average, Croatia, HRV
2.1833, 1977, Jan Average, Croatia, HRV
5.13695, 1977, Feb Average, Croatia, HRV
8.73044, 1977, Mar Average, Croatia, HRV
8.90656, 1977, Apr Average, Croatia, HRV
14.7645, 1977, May Average, Croatia, HRV
18.1882, 1977, Jun Average, Croatia, HRV
19.5686, 1977, Jul Average, Croatia, HRV
18.9832, 1977, Aug Average, Croatia, HRV
14.2066, 1977, Sep Average, Croatia, HRV
11.9454, 1977, Oct Average, Croatia, HRV
6.42353, 1977, Nov Average, Croatia, HRV
0.54187, 1977, Dec Average, Croatia, HRV
0.91256, 1978, Jan Average, Croatia, HRV
1.34045, 1978, Feb Average, Croatia, HRV
6.65081, 1978, Mar Average, Croatia, HRV
8.88228, 1978, Apr Average, Croatia, HRV
12.4925, 1978, May Average, Croatia, HRV
17.1355, 1978, Jun Average, Croatia, HRV
18.4612, 1978, Jul Average, Croatia, HRV
18.2745, 1978, Aug Average, Croatia, HRV
14.8343, 1978, Sep Average, Croatia, HRV
10.8178, 1978, Oct Average, Croatia, HRV
3.10592, 1978, Nov Average, Croatia, HRV
1.91304, 1978, Dec Average, Croatia, HRV
-1.2784, 1979, Jan Average, Croatia, HRV
2.64372, 1979, Feb Average, Croatia, HRV
7.44249, 1979, Mar Average, Croatia, HRV
8.91894, 1979, Apr Average, Croatia, HRV
15.2656, 1979, May Average, Croatia, HRV
19.8488, 1979, Jun Average, Croatia, HRV
18.5242, 1979, Jul Average, Croatia, HRV
18.5268, 1979, Aug Average, Croatia, HRV
16.0421, 1979, Sep Average, Croatia, HRV
10.5532, 1979, Oct Average, Croatia, HRV
6.33219, 1979, Nov Average, Croatia, HRV
4.41739, 1979, Dec Average, Croatia, HRV
-1.3703, 1980, Jan Average, Croatia, HRV
2.88542, 1980, Feb Average, Croatia, HRV
5.69182, 1980, Mar Average, Croatia, HRV
7.76863, 1980, Apr Average, Croatia, HRV
12.0925, 1980, May Average, Croatia, HRV
17.0145, 1980, Jun Average, Croatia, HRV
18.7647, 1980, Jul Average, Croatia, HRV
19.8495, 1980, Aug Average, Croatia, HRV
16.0715, 1980, Sep Average, Croatia, HRV
11.0948, 1980, Oct Average, Croatia, HRV
4.79271, 1980, Nov Average, Croatia, HRV
0.19164, 1980, Dec Average, Croatia, HRV
-1.9416, 1981, Jan Average, Croatia, HRV
1.04998, 1981, Feb Average, Croatia, HRV
8.15892, 1981, Mar Average, Croatia, HRV
10.4516, 1981, Apr Average, Croatia, HRV
14.4525, 1981, May Average, Croatia, HRV
18.4868, 1981, Jun Average, Croatia, HRV
19.3817, 1981, Jul Average, Croatia, HRV
19.7464, 1981, Aug Average, Croatia, HRV
16.7418, 1981, Sep Average, Croatia, HRV
12.5358, 1981, Oct Average, Croatia, HRV
4.92976, 1981, Nov Average, Croatia, HRV
1.4142, 1981, Dec Average, Croatia, HRV
-0.8919, 1982, Jan Average, Croatia, HRV
0.00907, 1982, Feb Average, Croatia, HRV
5.23604, 1982, Mar Average, Croatia, HRV
8.28274, 1982, Apr Average, Croatia, HRV
15.2886, 1982, May Average, Croatia, HRV
19.2137, 1982, Jun Average, Croatia, HRV
20.6332, 1982, Jul Average, Croatia, HRV
19.9271, 1982, Aug Average, Croatia, HRV
19.0637, 1982, Sep Average, Croatia, HRV
12.2079, 1982, Oct Average, Croatia, HRV
6.6068, 1982, Nov Average, Croatia, HRV
4.22512, 1982, Dec Average, Croatia, HRV
2.92277, 1983, Jan Average, Croatia, HRV
-0.1585, 1983, Feb Average, Croatia, HRV
6.86383, 1983, Mar Average, Croatia, HRV
11.9332, 1983, Apr Average, Croatia, HRV
15.8208, 1983, May Average, Croatia, HRV
17.7345, 1983, Jun Average, Croatia, HRV
22.2302, 1983, Jul Average, Croatia, HRV
20.1409, 1983, Aug Average, Croatia, HRV
16.5328, 1983, Sep Average, Croatia, HRV
11.2849, 1983, Oct Average, Croatia, HRV
3.71365, 1983, Nov Average, Croatia, HRV
1.59045, 1983, Dec Average, Croatia, HRV
0.81913, 1984, Jan Average, Croatia, HRV
0.92339, 1984, Feb Average, Croatia, HRV
4.76065, 1984, Mar Average, Croatia, HRV
9.45668, 1984, Apr Average, Croatia, HRV
13.2438, 1984, May Average, Croatia, HRV
16.915, 1984, Jun Average, Croatia, HRV
18.7487, 1984, Jul Average, Croatia, HRV
18.8917, 1984, Aug Average, Croatia, HRV
16.0098, 1984, Sep Average, Croatia, HRV
12.3402, 1984, Oct Average, Croatia, HRV
6.61964, 1984, Nov Average, Croatia, HRV
1.89411, 1984, Dec Average, Croatia, HRV
-3.8047, 1985, Jan Average, Croatia, HRV
-1.8608, 1985, Feb Average, Croatia, HRV
4.95241, 1985, Mar Average, Croatia, HRV
10.0664, 1985, Apr Average, Croatia, HRV
15.604, 1985, May Average, Croatia, HRV
16.4662, 1985, Jun Average, Croatia, HRV
20.7742, 1985, Jul Average, Croatia, HRV
20.4234, 1985, Aug Average, Croatia, HRV
17.0266, 1985, Sep Average, Croatia, HRV
11.0667, 1985, Oct Average, Croatia, HRV
4.53238, 1985, Nov Average, Croatia, HRV
4.59764, 1985, Dec Average, Croatia, HRV
0.88392, 1986, Jan Average, Croatia, HRV
-1.8996, 1986, Feb Average, Croatia, HRV
4.26238, 1986, Mar Average, Croatia, HRV
11.0639, 1986, Apr Average, Croatia, HRV
17.1388, 1986, May Average, Croatia, HRV
17.3992, 1986, Jun Average, Croatia, HRV
19.025, 1986, Jul Average, Croatia, HRV
20.9564, 1986, Aug Average, Croatia, HRV
16.1477, 1986, Sep Average, Croatia, HRV
11.3865, 1986, Oct Average, Croatia, HRV
6.2535, 1986, Nov Average, Croatia, HRV
0.19677, 1986, Dec Average, Croatia, HRV
-2.3028, 1987, Jan Average, Croatia, HRV
1.79364, 1987, Feb Average, Croatia, HRV
1.15178, 1987, Mar Average, Croatia, HRV
10.4425, 1987, Apr Average, Croatia, HRV
13.0203, 1987, May Average, Croatia, HRV
17.7471, 1987, Jun Average, Croatia, HRV
20.2764, 1987, Jul Average, Croatia, HRV
19.0301, 1987, Aug Average, Croatia, HRV
19.3365, 1987, Sep Average, Croatia, HRV
12.3016, 1987, Oct Average, Croatia, HRV
6.35787, 1987, Nov Average, Croatia, HRV
2.43872, 1987, Dec Average, Croatia, HRV
3.57571, 1988, Jan Average, Croatia, HRV
3.50894, 1988, Feb Average, Croatia, HRV
5.09659, 1988, Mar Average, Croatia, HRV
9.9503, 1988, Apr Average, Croatia, HRV
15.1868, 1988, May Average, Croatia, HRV
17.5223, 1988, Jun Average, Croatia, HRV
21.9825, 1988, Jul Average, Croatia, HRV
21.0078, 1988, Aug Average, Croatia, HRV
16.2288, 1988, Sep Average, Croatia, HRV
11.6579, 1988, Oct Average, Croatia, HRV
2.08842, 1988, Nov Average, Croatia, HRV
1.93813, 1988, Dec Average, Croatia, HRV
0.37375, 1989, Jan Average, Croatia, HRV
4.40687, 1989, Feb Average, Croatia, HRV
8.75603, 1989, Mar Average, Croatia, HRV
11.3426, 1989, Apr Average, Croatia, HRV
14.2455, 1989, May Average, Croatia, HRV
16.5779, 1989, Jun Average, Croatia, HRV
20.4421, 1989, Jul Average, Croatia, HRV
19.8779, 1989, Aug Average, Croatia, HRV
16.1117, 1989, Sep Average, Croatia, HRV
10.969, 1989, Oct Average, Croatia, HRV
4.83642, 1989, Nov Average, Croatia, HRV
2.94418, 1989, Dec Average, Croatia, HRV
0.71138, 1990, Jan Average, Croatia, HRV
6.17588, 1990, Feb Average, Croatia, HRV
9.07162, 1990, Mar Average, Croatia, HRV
9.77945, 1990, Apr Average, Croatia, HRV
15.74, 1990, May Average, Croatia, HRV
17.8838, 1990, Jun Average, Croatia, HRV
20.1092, 1990, Jul Average, Croatia, HRV
20.5845, 1990, Aug Average, Croatia, HRV
14.9909, 1990, Sep Average, Croatia, HRV
12.1786, 1990, Oct Average, Croatia, HRV
6.69426, 1990, Nov Average, Croatia, HRV
1.2415, 1990, Dec Average, Croatia, HRV
1.28556, 1991, Jan Average, Croatia, HRV
-0.9595, 1991, Feb Average, Croatia, HRV
8.36899, 1991, Mar Average, Croatia, HRV
8.87118, 1991, Apr Average, Croatia, HRV
11.5127, 1991, May Average, Croatia, HRV
18.18, 1991, Jun Average, Croatia, HRV
21.2992, 1991, Jul Average, Croatia, HRV
20.4362, 1991, Aug Average, Croatia, HRV
17.5131, 1991, Sep Average, Croatia, HRV
10.203, 1991, Oct Average, Croatia, HRV
6.45091, 1991, Nov Average, Croatia, HRV
-0.4511, 1991, Dec Average, Croatia, HRV
1.54093, 1992, Jan Average, Croatia, HRV
3.48039, 1992, Feb Average, Croatia, HRV
6.40575, 1992, Mar Average, Croatia, HRV
10.6928, 1992, Apr Average, Croatia, HRV
15.717, 1992, May Average, Croatia, HRV
18.4166, 1992, Jun Average, Croatia, HRV
20.9347, 1992, Jul Average, Croatia, HRV
22.9689, 1992, Aug Average, Croatia, HRV
17.186, 1992, Sep Average, Croatia, HRV
10.9172, 1992, Oct Average, Croatia, HRV
7.36711, 1992, Nov Average, Croatia, HRV
1.70711, 1992, Dec Average, Croatia, HRV
1.32908, 1993, Jan Average, Croatia, HRV
0.73614, 1993, Feb Average, Croatia, HRV
4.90632, 1993, Mar Average, Croatia, HRV
10.8738, 1993, Apr Average, Croatia, HRV
17.2196, 1993, May Average, Croatia, HRV
19.0799, 1993, Jun Average, Croatia, HRV
20.0299, 1993, Jul Average, Croatia, HRV
21.254, 1993, Aug Average, Croatia, HRV
15.922, 1993, Sep Average, Croatia, HRV
12.5468, 1993, Oct Average, Croatia, HRV
3.42266, 1993, Nov Average, Croatia, HRV
2.88291, 1993, Dec Average, Croatia, HRV
3.51228, 1994, Jan Average, Croatia, HRV
2.64456, 1994, Feb Average, Croatia, HRV
9.32122, 1994, Mar Average, Croatia, HRV
10.4388, 1994, Apr Average, Croatia, HRV
15.3627, 1994, May Average, Croatia, HRV
18.9188, 1994, Jun Average, Croatia, HRV
22.8974, 1994, Jul Average, Croatia, HRV
22.3468, 1994, Aug Average, Croatia, HRV
18.5, 1994, Sep Average, Croatia, HRV
10.4258, 1994, Oct Average, Croatia, HRV
8.11606, 1994, Nov Average, Croatia, HRV
2.84094, 1994, Dec Average, Croatia, HRV
0.54141, 1995, Jan Average, Croatia, HRV
5.44907, 1995, Feb Average, Croatia, HRV
5.2487, 1995, Mar Average, Croatia, HRV
10.5941, 1995, Apr Average, Croatia, HRV
14.5785, 1995, May Average, Croatia, HRV
17.2752, 1995, Jun Average, Croatia, HRV
22.6027, 1995, Jul Average, Croatia, HRV
19.5635, 1995, Aug Average, Croatia, HRV
14.9505, 1995, Sep Average, Croatia, HRV
12.6989, 1995, Oct Average, Croatia, HRV
4.75038, 1995, Nov Average, Croatia, HRV
1.98098, 1995, Dec Average, Croatia, HRV
0.2274, 1996, Jan Average, Croatia, HRV
-0.6809, 1996, Feb Average, Croatia, HRV
3.21412, 1996, Mar Average, Croatia, HRV
10.6092, 1996, Apr Average, Croatia, HRV
15.9566, 1996, May Average, Croatia, HRV
19.4731, 1996, Jun Average, Croatia, HRV
19.2659, 1996, Jul Average, Croatia, HRV
19.9449, 1996, Aug Average, Croatia, HRV
13.2677, 1996, Sep Average, Croatia, HRV
11.7142, 1996, Oct Average, Croatia, HRV
8.24833, 1996, Nov Average, Croatia, HRV
0.38305, 1996, Dec Average, Croatia, HRV
0.57964, 1997, Jan Average, Croatia, HRV
3.88934, 1997, Feb Average, Croatia, HRV
6.90334, 1997, Mar Average, Croatia, HRV
7.60278, 1997, Apr Average, Croatia, HRV
15.7937, 1997, May Average, Croatia, HRV
18.9258, 1997, Jun Average, Croatia, HRV
19.7249, 1997, Jul Average, Croatia, HRV
20.2616, 1997, Aug Average, Croatia, HRV
17.0393, 1997, Sep Average, Croatia, HRV
9.72495, 1997, Oct Average, Croatia, HRV
6.6536, 1997, Nov Average, Croatia, HRV
3.25752, 1997, Dec Average, Croatia, HRV
3.04444, 1998, Jan Average, Croatia, HRV
5.74621, 1998, Feb Average, Croatia, HRV
5.17118, 1998, Mar Average, Croatia, HRV
11.2787, 1998, Apr Average, Croatia, HRV
15.1235, 1998, May Average, Croatia, HRV
19.836, 1998, Jun Average, Croatia, HRV
21.2838, 1998, Jul Average, Croatia, HRV
21.242, 1998, Aug Average, Croatia, HRV
15.782, 1998, Sep Average, Croatia, HRV
12.0086, 1998, Oct Average, Croatia, HRV
4.34276, 1998, Nov Average, Croatia, HRV
-0.7977, 1998, Dec Average, Croatia, HRV
1.03243, 1999, Jan Average, Croatia, HRV
1.25979, 1999, Feb Average, Croatia, HRV
7.43607, 1999, Mar Average, Croatia, HRV
11.4877, 1999, Apr Average, Croatia, HRV
15.8347, 1999, May Average, Croatia, HRV
18.9315, 1999, Jun Average, Croatia, HRV
21.0788, 1999, Jul Average, Croatia, HRV
20.6025, 1999, Aug Average, Croatia, HRV
18.4517, 1999, Sep Average, Croatia, HRV
12.2732, 1999, Oct Average, Croatia, HRV
4.79033, 1999, Nov Average, Croatia, HRV
1.62968, 1999, Dec Average, Croatia, HRV
-0.9754, 2000, Jan Average, Croatia, HRV
4.16937, 2000, Feb Average, Croatia, HRV
6.82235, 2000, Mar Average, Croatia, HRV
13.1983, 2000, Apr Average, Croatia, HRV
17.106, 2000, May Average, Croatia, HRV
20.4402, 2000, Jun Average, Croatia, HRV
19.7971, 2000, Jul Average, Croatia, HRV
22.5881, 2000, Aug Average, Croatia, HRV
16.6664, 2000, Sep Average, Croatia, HRV
13.3949, 2000, Oct Average, Croatia, HRV
9.31536, 2000, Nov Average, Croatia, HRV
4.13779, 2000, Dec Average, Croatia, HRV
2.63099, 2001, Jan Average, Croatia, HRV
4.22278, 2001, Feb Average, Croatia, HRV
8.93472, 2001, Mar Average, Croatia, HRV
9.8431, 2001, Apr Average, Croatia, HRV
16.9718, 2001, May Average, Croatia, HRV
17.5326, 2001, Jun Average, Croatia, HRV
21.1881, 2001, Jul Average, Croatia, HRV
22.3854, 2001, Aug Average, Croatia, HRV
14.2516, 2001, Sep Average, Croatia, HRV
14.2534, 2001, Oct Average, Croatia, HRV
4.72606, 2001, Nov Average, Croatia, HRV
-1.7996, 2001, Dec Average, Croatia, HRV
0.65024, 2002, Jan Average, Croatia, HRV
5.57586, 2002, Feb Average, Croatia, HRV
8.41875, 2002, Mar Average, Croatia, HRV
10.3963, 2002, Apr Average, Croatia, HRV
16.8659, 2002, May Average, Croatia, HRV
20.5318, 2002, Jun Average, Croatia, HRV
21.5475, 2002, Jul Average, Croatia, HRV
20.3323, 2002, Aug Average, Croatia, HRV
15.526, 2002, Sep Average, Croatia, HRV
11.4529, 2002, Oct Average, Croatia, HRV
9.14611, 2002, Nov Average, Croatia, HRV
2.26859, 2002, Dec Average, Croatia, HRV
-0.1133, 2003, Jan Average, Croatia, HRV
-1.5047, 2003, Feb Average, Croatia, HRV
6.54567, 2003, Mar Average, Croatia, HRV
9.9768, 2003, Apr Average, Croatia, HRV
18.2972, 2003, May Average, Croatia, HRV
21.1371, 2003, Jun Average, Croatia, HRV
22.133, 2003, Jul Average, Croatia, HRV
23.786, 2003, Aug Average, Croatia, HRV
16.1427, 2003, Sep Average, Croatia, HRV
9.39417, 2003, Oct Average, Croatia, HRV
8.31835, 2003, Nov Average, Croatia, HRV
2.45991, 2003, Dec Average, Croatia, HRV
-0.5441, 2004, Jan Average, Croatia, HRV
2.59665, 2004, Feb Average, Croatia, HRV
5.3976, 2004, Mar Average, Croatia, HRV
10.8584, 2004, Apr Average, Croatia, HRV
13.6059, 2004, May Average, Croatia, HRV
18.2376, 2004, Jun Average, Croatia, HRV
20.7998, 2004, Jul Average, Croatia, HRV
20.6335, 2004, Aug Average, Croatia, HRV
16.2561, 2004, Sep Average, Croatia, HRV
13.2857, 2004, Oct Average, Croatia, HRV
6.76413, 2004, Nov Average, Croatia, HRV
3.00461, 2004, Dec Average, Croatia, HRV
0.81091, 2005, Jan Average, Croatia, HRV
-1.0738, 2005, Feb Average, Croatia, HRV
4.81011, 2005, Mar Average, Croatia, HRV
10.5821, 2005, Apr Average, Croatia, HRV
15.8815, 2005, May Average, Croatia, HRV
18.9577, 2005, Jun Average, Croatia, HRV
20.834, 2005, Jul Average, Croatia, HRV
18.7031, 2005, Aug Average, Croatia, HRV
17.0022, 2005, Sep Average, Croatia, HRV
11.891, 2005, Oct Average, Croatia, HRV
5.64916, 2005, Nov Average, Croatia, HRV
1.32302, 2005, Dec Average, Croatia, HRV
-1.1825, 2006, Jan Average, Croatia, HRV
1.17901, 2006, Feb Average, Croatia, HRV
4.66582, 2006, Mar Average, Croatia, HRV
11.5515, 2006, Apr Average, Croatia, HRV
14.9562, 2006, May Average, Croatia, HRV
19.0083, 2006, Jun Average, Croatia, HRV
23.023, 2006, Jul Average, Croatia, HRV
18.4591, 2006, Aug Average, Croatia, HRV
18.2006, 2006, Sep Average, Croatia, HRV
13.6908, 2006, Oct Average, Croatia, HRV
8.09218, 2006, Nov Average, Croatia, HRV
3.98303, 2006, Dec Average, Croatia, HRV
5.12701, 2007, Jan Average, Croatia, HRV
5.90988, 2007, Feb Average, Croatia, HRV
8.19981, 2007, Mar Average, Croatia, HRV
13.4366, 2007, Apr Average, Croatia, HRV
16.9184, 2007, May Average, Croatia, HRV
20.8747, 2007, Jun Average, Croatia, HRV
22.3637, 2007, Jul Average, Croatia, HRV
21.1474, 2007, Aug Average, Croatia, HRV
14.7648, 2007, Sep Average, Croatia, HRV
10.7853, 2007, Oct Average, Croatia, HRV
5.09649, 2007, Nov Average, Croatia, HRV
1.06521, 2007, Dec Average, Croatia, HRV
2.8424, 2008, Jan Average, Croatia, HRV
4.7283, 2008, Feb Average, Croatia, HRV
6.37435, 2008, Mar Average, Croatia, HRV
10.9859, 2008, Apr Average, Croatia, HRV
16.527, 2008, May Average, Croatia, HRV
20.1462, 2008, Jun Average, Croatia, HRV
21.284, 2008, Jul Average, Croatia, HRV
21.5261, 2008, Aug Average, Croatia, HRV
15.5178, 2008, Sep Average, Croatia, HRV
12.8912, 2008, Oct Average, Croatia, HRV
7.75917, 2008, Nov Average, Croatia, HRV
3.33368, 2008, Dec Average, Croatia, HRV
0.17767, 2009, Jan Average, Croatia, HRV
2.16502, 2009, Feb Average, Croatia, HRV
6.4129, 2009, Mar Average, Croatia, HRV
13.3855, 2009, Apr Average, Croatia, HRV
17.2355, 2009, May Average, Croatia, HRV
18.3254, 2009, Jun Average, Croatia, HRV
21.7837, 2009, Jul Average, Croatia, HRV
22.3254, 2009, Aug Average, Croatia, HRV
18.5368, 2009, Sep Average, Croatia, HRV
11.5172, 2009, Oct Average, Croatia, HRV
8.01466, 2009, Nov Average, Croatia, HRV
2.68517, 2009, Dec Average, Croatia, HRV
-0.3768, 2010, Jan Average, Croatia, HRV
2.21155, 2010, Feb Average, Croatia, HRV
6.20162, 2010, Mar Average, Croatia, HRV
11.3761, 2010, Apr Average, Croatia, HRV
15.0716, 2010, May Average, Croatia, HRV
19.2718, 2010, Jun Average, Croatia, HRV
22.5626, 2010, Jul Average, Croatia, HRV
20.7981, 2010, Aug Average, Croatia, HRV
15.466, 2010, Sep Average, Croatia, HRV
9.86681, 2010, Oct Average, Croatia, HRV
8.65868, 2010, Nov Average, Croatia, HRV
0.5784, 2010, Dec Average, Croatia, HRV
1.24241, 2011, Jan Average, Croatia, HRV
2.10424, 2011, Feb Average, Croatia, HRV
6.71659, 2011, Mar Average, Croatia, HRV
12.9286, 2011, Apr Average, Croatia, HRV
16.0539, 2011, May Average, Croatia, HRV
19.934, 2011, Jun Average, Croatia, HRV
20.8076, 2011, Jul Average, Croatia, HRV
22.4473, 2011, Aug Average, Croatia, HRV
19.9679, 2011, Sep Average, Croatia, HRV
11.1634, 2011, Oct Average, Croatia, HRV
5.37478, 2011, Nov Average, Croatia, HRV
3.68571, 2011, Dec Average, Croatia, HRV
1.62952, 2012, Jan Average, Croatia, HRV
-1.8322, 2012, Feb Average, Croatia, HRV
9.19036, 2012, Mar Average, Croatia, HRV
11.3341, 2012, Apr Average, Croatia, HRV
15.7975, 2012, May Average, Croatia, HRV
21.0033, 2012, Jun Average, Croatia, HRV
23.0757, 2012, Jul Average, Croatia, HRV
23.2694, 2012, Aug Average, Croatia, HRV
18.1361, 2012, Sep Average, Croatia, HRV
12.431, 2012, Oct Average, Croatia, HRV
9.1475, 2012, Nov Average, Croatia, HRV
1.45605, 2012, Dec Average, Croatia, HRV
1.89382, 2013, Jan Average, Croatia, HRV
2.12874, 2013, Feb Average, Croatia, HRV
4.83623, 2013, Mar Average, Croatia, HRV
12.277, 2013, Apr Average, Croatia, HRV
15.0738, 2013, May Average, Croatia, HRV
18.9402, 2013, Jun Average, Croatia, HRV
22.7235, 2013, Jul Average, Croatia, HRV
22.57, 2013, Aug Average, Croatia, HRV
16.2319, 2013, Sep Average, Croatia, HRV
13.1191, 2013, Oct Average, Croatia, HRV
7.85897, 2013, Nov Average, Croatia, HRV
3.44504, 2013, Dec Average, Croatia, HRV
4.25696, 2014, Jan Average, Croatia, HRV
5.55393, 2014, Feb Average, Croatia, HRV
9.45868, 2014, Mar Average, Croatia, HRV
12.2725, 2014, Apr Average, Croatia, HRV
14.5346, 2014, May Average, Croatia, HRV
19.32, 2014, Jun Average, Croatia, HRV
20.6422, 2014, Jul Average, Croatia, HRV
19.9601, 2014, Aug Average, Croatia, HRV
16.5083, 2014, Sep Average, Croatia, HRV
13.2566, 2014, Oct Average, Croatia, HRV
9.34887, 2014, Nov Average, Croatia, HRV
3.84585, 2014, Dec Average, Croatia, HRV
2.74704, 2015, Jan Average, Croatia, HRV
2.88008, 2015, Feb Average, Croatia, HRV
7.11239, 2015, Mar Average, Croatia, HRV
11.1084, 2015, Apr Average, Croatia, HRV
16.1732, 2015, May Average, Croatia, HRV
19.9216, 2015, Jun Average, Croatia, HRV
23.7533, 2015, Jul Average, Croatia, HRV
22.9965, 2015, Aug Average, Croatia, HRV
17.2702, 2015, Sep Average, Croatia, HRV
11.3001, 2015, Oct Average, Croatia, HRV
8.27057, 2015, Nov Average, Croatia, HRV
3.78358, 2015, Dec Average, Croatia, HRV
1.54011, 2016, Jan Average, Croatia, HRV
6.23965, 2016, Feb Average, Croatia, HRV
7.18305, 2016, Mar Average, Croatia, HRV
12.4404, 2016, Apr Average, Croatia, HRV
14.9953, 2016, May Average, Croatia, HRV
19.7848, 2016, Jun Average, Croatia, HRV
22.2906, 2016, Jul Average, Croatia, HRV
20.663, 2016, Aug Average, Croatia, HRV
18.3984, 2016, Sep Average, Croatia, HRV
10.5935, 2016, Oct Average, Croatia, HRV
6.80494, 2016, Nov Average, Croatia, HRV
2.00575, 2016, Dec Average, Croatia, HRV
